"asset_id","source_id","source_path","source_size","source_mtime_ns","source_fps","source_time_seconds","source_end_seconds","source_frame","width","kind","precision","candidate_ids","bit_ids","tags","path","sha256","status","notes"
"review_C01_sheet","backrooms_20260630","inputs/2026-06-30 00-23-03.mp4","3799793770","1783226578494110600","60.000000","30.000","126.000","","1600","contact_sheet","source_range","C01","","동기·셋업","outputs/review_2026-07-11/media/C01.png","db68b34ebea51293a245ecbd7f89de880a951ef2cf57f87ba5e428037f59bf15","current","원본 시간 기준 검토 카드"
"review_C01_audio","backrooms_20260630","inputs/2026-06-30 00-23-03.mp4","3799793770","1783226578494110600","60.000000","30.000","126.000","","","audio_clip","source_range","C01","","동기·셋업","outputs/review_2026-07-11/media/C01.mp3","9383b9fbd84b5876b5a2cba23b39f3af4d5fd5730f95b862157e424bb2a65c13","current","원본 시간 기준 검토 오디오"
"review_C02_sheet","backrooms_20260630","inputs/2026-06-30 00-23-03.mp4","3799793770","1783226578494110600","60.000000","190.000","225.000","","1600","contact_sheet","source_range","C02","","공포 예열","outputs/review_2026-07-11/media/C02.png","c7656ecf52eaa56ef86397ad221470d1ad02baa0086ce88af50f79f71b19c3c4","current","원본 시간 기준 검토 카드"
"review_C02_audio","backrooms_20260630","inputs/2026-06-30 00-23-03.mp4","3799793770","1783226578494110600","60.000000","190.000","225.000","","","audio_clip","source_range","C02","","공포 예열","outputs/review_2026-07-11/media/C02.mp3","b0115be3f0958cc89eb259771f52e9602e332739d98a1a5805f45e507339c849","current","원본 시간 기준 검토 오디오"
"review_C03_sheet","backrooms_20260630","inputs/2026-06-30 00-23-03.mp4","3799793770","1783226578494110600","60.000000","605.000","655.000","","1600","contact_sheet","source_range","C03","","공포증거·노크","outputs/review_2026-07-11/media/C03.png","c523cced06c1e6942061c994e6d72b667bd4d4d14d4d2ea6cb1a76a5977610f0","current","원본 시간 기준 검토 카드"
"review_C03_audio","backrooms_20260630","inputs/2026-06-30 00-23-03.mp4","3799793770","1783226578494110600","60.000000","605.000","655.000","","","audio_clip","source_range","C03","","공포증거·노크","outputs/review_2026-07-11/media/C03.mp3","6d02a18caf4651551d4f1251f34f5bc2556c41ee88447c12e7ebe5f4cf2c0ca2","current","원본 시간 기준 검토 오디오"
"review_C04_sheet","backrooms_20260630","inputs/2026-06-30 00-23-03.mp4","3799793770","1783226578494110600","60.000000","727.000","760.000","","1600","contact_sheet","source_range","C04","","공포증거·현실","outputs/review_2026-07-11/media/C04.png","def333bf021cd16dc7afb3a74a9e52d433d881ea16862fbfc914bd259f70c4cb","current","원본 시간 기준 검토 카드"
"review_C04_audio","backrooms_20260630","inputs/2026-06-30 00-23-03.mp4","3799793770","1783226578494110600","60.000000","727.000","760.000","","","audio_clip","source_range","C04","","공포증거·현실","outputs/review_2026-07-11/media/C04.mp3","0873cca48a77b9443a96f7945408bda4e79c60b224c59c48cd41e7cc2e258c7c","current","원본 시간 기준 검토 오디오"
"review_C05_sheet","backrooms_20260630","inputs/2026-06-30 00-23-03.mp4","3799793770","1783226578494110600","60.000000","835.000","885.000","","1600","contact_sheet","source_range","C05","","첫 붕괴·허세","outputs/review_2026-07-11/media/C05.png","4d54ea451040e295c24f72bf626ca0ba44438bd55d6d441bfc3fad467c8de7c3","current","원본 시간 기준 검토 카드"
"review_C05_audio","backrooms_20260630","inputs/2026-06-30 00-23-03.mp4","3799793770","1783226578494110600","60.000000","835.000","885.000","","","audio_clip","source_range","C05","","첫 붕괴·허세","outputs/review_2026-07-11/media/C05.mp3","554b132c640d127341077df73ac9172e306bc0e70511f3e7afe8a44d0d5bb7ac","current","원본 시간 기준 검토 오디오"
"review_C06_sheet","backrooms_20260630","inputs/2026-06-30 00-23-03.mp4","3799793770","1783226578494110600","60.000000","1090.000","1170.000","","1600","contact_sheet","source_range","C06","","자각 핵심","outputs/review_2026-07-11/media/C06.png","046cf427d934ad56e0bb29cc7b46dbb2510262755c5e562455a54e8e88212548","current","원본 시간 기준 검토 카드"
"review_C06_audio","backrooms_20260630","inputs/2026-06-30 00-23-03.mp4","3799793770","1783226578494110600","60.000000","1090.000","1170.000","","","audio_clip","source_range","C06","","자각 핵심","outputs/review_2026-07-11/media/C06.mp3","4f5f148106fdf21cc1a1ffafcaeb4f0833add10d1888ce89da2ab0f88673237a","current","원본 시간 기준 검토 오디오"
"review_C07_sheet","backrooms_20260630","inputs/2026-06-30 00-23-03.mp4","3799793770","1783226578494110600","60.000000","1250.000","1295.000","","1600","contact_sheet","source_range","C07","","허세 자백","outputs/review_2026-07-11/media/C07.png","3e83099ca5b16a7d898fd39a4ba431a243c5bc47d071a96eaaa51250040a374c","current","원본 시간 기준 검토 카드"
"review_C07_audio","backrooms_20260630","inputs/2026-06-30 00-23-03.mp4","3799793770","1783226578494110600","60.000000","1250.000","1295.000","","","audio_clip","source_range","C07","","허세 자백","outputs/review_2026-07-11/media/C07.mp3","b3df2fc8cec8dee371a1bd3a7769dc225c43852d3c9ffa0dbc071ec84ac2b02e","current","원본 시간 기준 검토 오디오"
"review_C08_sheet","backrooms_20260630","inputs/2026-06-30 00-23-03.mp4","3799793770","1783226578494110600","60.000000","1340.000","1450.000","","1600","contact_sheet","source_range","C08","","자기설득 실패","outputs/review_2026-07-11/media/C08.png","b9f882adcdf89c1d2b9578b8405fcf30c5f0dae717cbe9880ede634929c79bd0","current","원본 시간 기준 검토 카드"
"review_C08_audio","backrooms_20260630","inputs/2026-06-30 00-23-03.mp4","3799793770","1783226578494110600","60.000000","1340.000","1450.000","","","audio_clip","source_range","C08","","자기설득 실패","outputs/review_2026-07-11/media/C08.mp3","fb9fa9c6ca899e6bf226544d19bc73c05fa224cb41c655bc0520f9ab61c92d62","current","원본 시간 기준 검토 오디오"
"review_C09_sheet","backrooms_20260630","inputs/2026-06-30 00-23-03.mp4","3799793770","1783226578494110600","60.000000","2080.000","2264.000","","1600","contact_sheet","source_range","C09","","추격·콜드오픈","outputs/review_2026-07-11/media/C09.png","a9c28785025fd07a72bc1cb8220ef47156d2e4326bd9e47783745ed29ec285f7","current","원본 시간 기준 검토 카드"
"review_C09_audio","backrooms_20260630","inputs/2026-06-30 00-23-03.mp4","3799793770","1783226578494110600","60.000000","2080.000","2264.000","","","audio_clip","source_range","C09","","추격·콜드오픈","outputs/review_2026-07-11/media/C09.mp3","caeaa3e78dce81052f1e35d7f2068988a4d88a10dc0cea516839cef85b7b9249","current","원본 시간 기준 검토 오디오"
"review_C10_sheet","backrooms_20260630","inputs/2026-06-30 00-23-03.mp4","3799793770","1783226578494110600","60.000000","2290.000","2360.000","","1600","contact_sheet","source_range","C10","","추격 후 반응","outputs/review_2026-07-11/media/C10.png","9a32091aa680fda1b84bbe5e26c33c160da9974e19a8199219134650fa46ffd8","current","원본 시간 기준 검토 카드"
"review_C10_audio","backrooms_20260630","inputs/2026-06-30 00-23-03.mp4","3799793770","1783226578494110600","60.000000","2290.000","2360.000","","","audio_clip","source_range","C10","","추격 후 반응","outputs/review_2026-07-11/media/C10.mp3","518bbbbdc0f48061e5ae50c3ac48d941b7243999dee837cbab4f9ea6386578aa","current","원본 시간 기준 검토 오디오"
"review_C11_sheet","backrooms_20260630","inputs/2026-06-30 00-23-03.mp4","3799793770","1783226578494110600","60.000000","2580.000","2620.000","","1600","contact_sheet","source_range","C11","","중반 반응","outputs/review_2026-07-11/media/C11.png","fe6b0552ca5010d8b7fab3f4b565e0f0df2ae585f9a0c6fa121bda3775ddbfb2","current","원본 시간 기준 검토 카드"
"review_C11_audio","backrooms_20260630","inputs/2026-06-30 00-23-03.mp4","3799793770","1783226578494110600","60.000000","2580.000","2620.000","","","audio_clip","source_range","C11","","중반 반응","outputs/review_2026-07-11/media/C11.mp3","a96db5d94b33781f9d14ad8576530bf8674fc89362e7c664c0eb8c4f0f8b6ac0","current","원본 시간 기준 검토 오디오"
"review_C12_sheet","backrooms_20260630","inputs/2026-06-30 00-23-03.mp4","3799793770","1783226578494110600","60.000000","2835.000","2935.000","","1600","contact_sheet","source_range","C12","","공포 상승","outputs/review_2026-07-11/media/C12.png","45b68132c27f4bd916de7b39da5bd5b5ec9a76491634b76d8bbf76f91dd63e69","current","원본 시간 기준 검토 카드"
"review_C12_audio","backrooms_20260630","inputs/2026-06-30 00-23-03.mp4","3799793770","1783226578494110600","60.000000","2835.000","2935.000","","","audio_clip","source_range","C12","","공포 상승","outputs/review_2026-07-11/media/C12.mp3","42cfda5af8d7e95eb566ea131a8bdddf3b35be9f14096197e894a6c191ae706a","current","원본 시간 기준 검토 오디오"
"review_C13_sheet","backrooms_20260630","inputs/2026-06-30 00-23-03.mp4","3799793770","1783226578494110600","60.000000","3015.000","3070.000","","1600","contact_sheet","source_range","C13","","사망 후보","outputs/review_2026-07-11/media/C13.png","07f6217ade51703ce00c1e6c7ce6a5685cbf120eadb81d169caace38032414c2","current","원본 시간 기준 검토 카드"
"review_C13_audio","backrooms_20260630","inputs/2026-06-30 00-23-03.mp4","3799793770","1783226578494110600","60.000000","3015.000","3070.000","","","audio_clip","source_range","C13","","사망 후보","outputs/review_2026-07-11/media/C13.mp3","1dfe5fc89f4e1521f1bba2bddd4cef8b454339a9d95b0cf49e8bbe229107fea9","current","원본 시간 기준 검토 오디오"
"review_C14_sheet","backrooms_20260630","inputs/2026-06-30 00-23-03.mp4","3799793770","1783226578494110600","60.000000","3105.000","3175.000","","1600","contact_sheet","source_range","C14","","재도전 반응","outputs/review_2026-07-11/media/C14.png","c27b1bf7c983b7327de59da86fcc25a03f8b9830b36e0b26e8287173a6b9a794","current","원본 시간 기준 검토 카드"
"review_C14_audio","backrooms_20260630","inputs/2026-06-30 00-23-03.mp4","3799793770","1783226578494110600","60.000000","3105.000","3175.000","","","audio_clip","source_range","C14","","재도전 반응","outputs/review_2026-07-11/media/C14.mp3","f1e3d6d61a2e2a4e903d6788b359d43578db4cfc331cd53f569b6b31c4439f29","current","원본 시간 기준 검토 오디오"
"review_C15_sheet","backrooms_20260630","inputs/2026-06-30 00-23-03.mp4","3799793770","1783226578494110600","60.000000","3500.000","3530.000","","1600","contact_sheet","source_range","C15","","후반 단서","outputs/review_2026-07-11/media/C15.png","9ec257654e2bd12d81dfe7333b3e5043c04751c8bc02e27d1121bfa04e9f6f06","current","원본 시간 기준 검토 카드"
"review_C15_audio","backrooms_20260630","inputs/2026-06-30 00-23-03.mp4","3799793770","1783226578494110600","60.000000","3500.000","3530.000","","","audio_clip","source_range","C15","","후반 단서","outputs/review_2026-07-11/media/C15.mp3","3a9295cdcad5ada211ecd74ca9982384838b8b33c5cd86096531363513591931","current","원본 시간 기준 검토 오디오"
"review_C16_sheet","backrooms_20260630","inputs/2026-06-30 00-23-03.mp4","3799793770","1783226578494110600","60.000000","3755.000","3775.000","","1600","contact_sheet","source_range","C16","","후반 반응","outputs/review_2026-07-11/media/C16.png","8c95d08107ab1c8bc7fd7aeffc8072ffe50cf9aecba0c305b707166159d51bde","current","원본 시간 기준 검토 카드"
"review_C16_audio","backrooms_20260630","inputs/2026-06-30 00-23-03.mp4","3799793770","1783226578494110600","60.000000","3755.000","3775.000","","","audio_clip","source_range","C16","","후반 반응","outputs/review_2026-07-11/media/C16.mp3","d7a4c0e3cd63037ce1224ef527d31fd9bd496910755a77b1318ab1590021de77","current","원본 시간 기준 검토 오디오"
"review_C17_sheet","backrooms_20260630","inputs/2026-06-30 00-23-03.mp4","3799793770","1783226578494110600","60.000000","3955.000","4065.000","","1600","contact_sheet","source_range","C17","","후반 위기","outputs/review_2026-07-11/media/C17.png","4773483d31f7da19d06aca28555c9d70e17af824ce06cf90d47720f22a9f0bb3","current","원본 시간 기준 검토 카드"
"review_C17_audio","backrooms_20260630","inputs/2026-06-30 00-23-03.mp4","3799793770","1783226578494110600","60.000000","3955.000","4065.000","","","audio_clip","source_range","C17","","후반 위기","outputs/review_2026-07-11/media/C17.mp3","97e4209b4170e488c518172f6b6839f3b4f1c17275c91b64bb9b77a33059d8eb","current","원본 시간 기준 검토 오디오"
"review_C18_sheet","backrooms_20260630","inputs/2026-06-30 00-23-03.mp4","3799793770","1783226578494110600","60.000000","4095.000","4125.000","","1600","contact_sheet","source_range","C18","","후반 전환","outputs/review_2026-07-11/media/C18.png","3399c9fdf06527e60e76fc3f81e72801084e708766e54637fb6aa6ceea8b572b","current","원본 시간 기준 검토 카드"
"review_C18_audio","backrooms_20260630","inputs/2026-06-30 00-23-03.mp4","3799793770","1783226578494110600","60.000000","4095.000","4125.000","","","audio_clip","source_range","C18","","후반 전환","outputs/review_2026-07-11/media/C18.mp3","f0bba4f0953bbea4b9ea1990ff8509a7b6de163855b6fdc5ba328780fb595634","current","원본 시간 기준 검토 오디오"
"review_C19_sheet","backrooms_20260630","inputs/2026-06-30 00-23-03.mp4","3799793770","1783226578494110600","60.000000","4335.000","4355.000","","1600","contact_sheet","source_range","C19","","후반 단서","outputs/review_2026-07-11/media/C19.png","61ab06150d1d7692f9ce3f5725f1fc7aad67345484d1f2469eced4687ccce831","current","원본 시간 기준 검토 카드"
"review_C19_audio","backrooms_20260630","inputs/2026-06-30 00-23-03.mp4","3799793770","1783226578494110600","60.000000","4335.000","4355.000","","","audio_clip","source_range","C19","","후반 단서","outputs/review_2026-07-11/media/C19.mp3","2fd964bb61fbc13ea3d37d2eb8aec837e31723fbd320b393121232774417faf2","current","원본 시간 기준 검토 오디오"
"review_C20_sheet","backrooms_20260630","inputs/2026-06-30 00-23-03.mp4","3799793770","1783226578494110600","60.000000","4495.000","4520.000","","1600","contact_sheet","source_range","C20","","결말 진입","outputs/review_2026-07-11/media/C20.png","ea4ea445d7b71d4300f91cd3e4dde3fca937b5b8d3037660469924bb3babf82a","current","원본 시간 기준 검토 카드"
"review_C20_audio","backrooms_20260630","inputs/2026-06-30 00-23-03.mp4","3799793770","1783226578494110600","60.000000","4495.000","4520.000","","","audio_clip","source_range","C20","","결말 진입","outputs/review_2026-07-11/media/C20.mp3","c6fc31c35085b8c2fe0035c0523259657cd268cf7d92b3f3276352e0fa87fdbe","current","원본 시간 기준 검토 오디오"
"review_C21_sheet","backrooms_20260630","inputs/2026-06-30 00-23-03.mp4","3799793770","1783226578494110600","60.000000","4675.000","4695.000","","1600","contact_sheet","source_range","C21","","결말 직전","outputs/review_2026-07-11/media/C21.png","924e792dd234c3b9d6c1fbc258c36782632245d0321fa4d4531a3660771619a0","current","원본 시간 기준 검토 카드"
"review_C21_audio","backrooms_20260630","inputs/2026-06-30 00-23-03.mp4","3799793770","1783226578494110600","60.000000","4675.000","4695.000","","","audio_clip","source_range","C21","","결말 직전","outputs/review_2026-07-11/media/C21.mp3","d2e955fdc00f642d02daf93982c8235039cc3d9560d81d5b7b306559973046d5","current","원본 시간 기준 검토 오디오"
"review_C22_sheet","backrooms_20260630","inputs/2026-06-30 00-23-03.mp4","3799793770","1783226578494110600","60.000000","4785.000","4924.000","","1600","contact_sheet","source_range","C22","","엔딩","outputs/review_2026-07-11/media/C22.png","2ec92422723299f16e98c5e2b639c3671fea9c28b0999b881412cab7d86751c4","current","원본 시간 기준 검토 카드"
"review_C22_audio","backrooms_20260630","inputs/2026-06-30 00-23-03.mp4","3799793770","1783226578494110600","60.000000","4785.000","4924.000","","","audio_clip","source_range","C22","","엔딩","outputs/review_2026-07-11/media/C22.mp3","8d720e041364e8af6b2c31a457c8afd5e4e0469121c95178fb4a03574eb8a82b","current","원본 시간 기준 검토 오디오"
"legacy_quality_B02","backrooms_20260630","inputs/2026-06-30 00-23-03.mp4","3799793770","1783226578494110600","60.000000","192.300","200.850","","","range_frame","source_range","","B02","기존 품질검증","outputs/06_analysis/source_assets/backrooms_20260630/legacy/quality_v4/B02.png","7b38ea90169bf94096659ad9688822e4deb976d4043395d02de26f90972f24a0","current","v4에서 이관"
"legacy_quality_B06a","backrooms_20260630","inputs/2026-06-30 00-23-03.mp4","3799793770","1783226578494110600","60.000000","1254.450","1294.030","","","range_frame","source_range","","B06","기존 품질검증","outputs/06_analysis/source_assets/backrooms_20260630/legacy/quality_v4/B06a.png","8e51e2b9d6c566639a3f53f5d8bfc8286fc56698a8f1bcd133facc7bf05b453b","current","v4에서 이관"
"legacy_quality_B06b","backrooms_20260630","inputs/2026-06-30 00-23-03.mp4","3799793770","1783226578494110600","60.000000","1254.450","1294.030","","","range_frame","source_range","","B06","기존 품질검증","outputs/06_analysis/source_assets/backrooms_20260630/legacy/quality_v4/B06b.png","67e9d34749c4f9ddd26a27c72fc68ca93523bfa555ad35b43f3bc0df7bb689f5","current","v4에서 이관"
"legacy_quality_B07a","backrooms_20260630","inputs/2026-06-30 00-23-03.mp4","3799793770","1783226578494110600","60.000000","1364.290","1450.000","","","range_frame","source_range","","B07","기존 품질검증","outputs/06_analysis/source_assets/backrooms_20260630/legacy/quality_v4/B07a.png","cdfa8928e9188abaaedf06d411195acc1d21b8432462300b2d57692f59343f45","current","v4에서 이관"
"legacy_quality_B07b","backrooms_20260630","inputs/2026-06-30 00-23-03.mp4","3799793770","1783226578494110600","60.000000","1364.290","1450.000","","","range_frame","source_range","","B07","기존 품질검증","outputs/06_analysis/source_assets/backrooms_20260630/legacy/quality_v4/B07b.png","114db2ca0665101ab6b1f7d5cd8adc5211c7aba827ee0ae570fb73342ca349f9","current","v4에서 이관"
"legacy_quality_B09a","backrooms_20260630","inputs/2026-06-30 00-23-03.mp4","3799793770","1783226578494110600","60.000000","2294.060","2602.220","","","range_frame","source_range","","B09","기존 품질검증","outputs/06_analysis/source_assets/backrooms_20260630/legacy/quality_v4/B09a.png","e272c24788f829dba282cd62fa9b3356f9c12aefa3bbf44a53aec79c7ef3e280","current","v4에서 이관"
"legacy_quality_B09b","backrooms_20260630","inputs/2026-06-30 00-23-03.mp4","3799793770","1783226578494110600","60.000000","2294.060","2602.220","","","range_frame","source_range","","B09","기존 품질검증","outputs/06_analysis/source_assets/backrooms_20260630/legacy/quality_v4/B09b.png","3c9804fd398a4ffb5eafd39996147887ce11f0e1e139b7dbdf4e404ce6fde769","current","v4에서 이관"
"legacy_quality_B09c","backrooms_20260630","inputs/2026-06-30 00-23-03.mp4","3799793770","1783226578494110600","60.000000","2294.060","2602.220","","","range_frame","source_range","","B09","기존 품질검증","outputs/06_analysis/source_assets/backrooms_20260630/legacy/quality_v4/B09c.png","81a157f7366ebbfcb2603b10b1db6a72ea2494960506353ef275b3d4d914c31c","current","v4에서 이관"
"legacy_quality_B10a","backrooms_20260630","inputs/2026-06-30 00-23-03.mp4","3799793770","1783226578494110600","60.000000","2846.490","2932.450","","","range_frame","source_range","","B10","기존 품질검증","outputs/06_analysis/source_assets/backrooms_20260630/legacy/quality_v4/B10a.png","9c3a8afc381b4951ad7ffbfedb1204517fe00af1113425a2287e7d0b1601b948","current","v4에서 이관"
"legacy_quality_B10b","backrooms_20260630","inputs/2026-06-30 00-23-03.mp4","3799793770","1783226578494110600","60.000000","2846.490","2932.450","","","range_frame","source_range","","B10","기존 품질검증","outputs/06_analysis/source_assets/backrooms_20260630/legacy/quality_v4/B10b.png","146afb8775efd29f4600cb5d9ab6e02d9d291f98cee669dfa6a88731de1eddf7","current","v4에서 이관"
"legacy_quality_hook_current","backrooms_20260630","inputs/2026-06-30 00-23-03.mp4","3799793770","1783226578494110600","60.000000","2182.000","2205.100","","","range_frame","source_range","C09","HOOK","기존 훅 품질검증","outputs/06_analysis/source_assets/backrooms_20260630/legacy/quality_v4/hook_current.png","80467391b7f42213ea5802330e7e8508c97021961908c03b608df3f9790d86f4","current","v4에서 이관"
"legacy_v5_chase_added","backrooms_20260630","inputs/2026-06-30 00-23-03.mp4","3799793770","1783226578494110600","60.000000","1940.510","1969.150","","","range_frame","source_range","","B08","추격 추가 검토","outputs/06_analysis/source_assets/backrooms_20260630/legacy/v5_analysis/chase_added.png","1ed7c900348abf23b62f0734fcf64175a88e79847e9b0c8609bc789215277b60","current","v5에서 이관"
"legacy_v5_clark_microwave","backrooms_20260630","inputs/2026-06-30 00-23-03.mp4","3799793770","1783226578494110600","60.000000","1059.750","1101.460","","","range_frame","source_range","","B04","클라크·전자레인지","outputs/06_analysis/source_assets/backrooms_20260630/legacy/v5_analysis/clark_microwave.png","1b44ea5d23afe8d4b96a15b4d88a0be064455ae82cfcc10489646b53162acf48","current","v5에서 이관"
"legacy_v5_dark_room","backrooms_20260630","inputs/2026-06-30 00-23-03.mp4","3799793770","1783226578494110600","60.000000","1235.000","1250.200","","","range_frame","source_range","","B05","어두운 방","outputs/06_analysis/source_assets/backrooms_20260630/legacy/v5_analysis/dark_room.png","51376b9a408abf69252c83008f04e7b2766b86978a399762300044a002976273","current","v5에서 이관"
"legacy_v5_early_fear","backrooms_20260630","inputs/2026-06-30 00-23-03.mp4","3799793770","1783226578494110600","60.000000","531.300","552.900","","","range_frame","source_range","","B02","초반 공포","outputs/06_analysis/source_assets/backrooms_20260630/legacy/v5_analysis/early_fear.png","a9de7564c7fd3059e6b1b0e6a8e2ce3dfa43e77953056b03e007f2ed365c1b11","current","v5에서 이관"
"legacy_v5_empathy","backrooms_20260630","inputs/2026-06-30 00-23-03.mp4","3799793770","1783226578494110600","60.000000","915.150","921.300","","","range_frame","source_range","","B04","공감 반응","outputs/06_analysis/source_assets/backrooms_20260630/legacy/v5_analysis/empathy.png","5af0db3cc2ff2f63fe0dc8d991e7571941ca5a4e18b7da7bb7c4219aa27b78fa","current","v5에서 이관"
"legacy_v5_entity_shadow","backrooms_20260630","inputs/2026-06-30 00-23-03.mp4","3799793770","1783226578494110600","60.000000","653.750","714.600","","","range_frame","source_range","","B03","개체 그림자","outputs/06_analysis/source_assets/backrooms_20260630/legacy/v5_analysis/entity_shadow.png","d360e70f2fe91fe844944448e084d50a9fdb9cb4015764f4a7503f3cdfeb3075","current","v5에서 이관"
"legacy_v5_fall","backrooms_20260630","inputs/2026-06-30 00-23-03.mp4","3799793770","1783226578494110600","60.000000","1477.980","1497.420","","","range_frame","source_range","","B07","추락","outputs/06_analysis/source_assets/backrooms_20260630/legacy/v5_analysis/fall.png","7f87b4ab1aecebca75a3ec3bac9fdd049bb7aa0d6987cf35d5a76133182fca40","current","v5에서 이관"
"legacy_v5_hook_death","backrooms_20260630","inputs/2026-06-30 00-23-03.mp4","3799793770","1783226578494110600","60.000000","3022.900","3035.800","","","range_frame","source_range","C13","HOOK","사망 훅 후보","outputs/06_analysis/source_assets/backrooms_20260630/legacy/v5_analysis/hook_death_candidate.png","eece9e903192695bac03126d9c801579385d03da41ff98c52d163d3bc221b8d0","current","v5에서 이관"
"legacy_v5_hook_peak","backrooms_20260630","inputs/2026-06-30 00-23-03.mp4","3799793770","1783226578494110600","60.000000","2182.000","2205.100","","","range_frame","source_range","C09","HOOK","추격 훅 후보","outputs/06_analysis/source_assets/backrooms_20260630/legacy/v5_analysis/hook_peak.png","afd000494f29a4dfd4f7e25368b60fddf846d4df31df8052d3017921a958c8a3","current","v5에서 이관"
"legacy_v5_intro","backrooms_20260630","inputs/2026-06-30 00-23-03.mp4","3799793770","1783226578494110600","60.000000","322.430","423.050","","","range_frame","source_range","","B02","인트로 검토","outputs/06_analysis/source_assets/backrooms_20260630/legacy/v5_analysis/intro.png","edfbed8a12e0761c86d0c070019cf8fa13f124bdd4f4418a2b8ee4e16f20ecbc","current","v5에서 이관"
"legacy_v5_transition","backrooms_20260630","inputs/2026-06-30 00-23-03.mp4","3799793770","1783226578494110600","60.000000","1648.340","1739.340","","","range_frame","source_range","","B07","전환 검토","outputs/06_analysis/source_assets/backrooms_20260630/legacy/v5_analysis/transition.png","1cb447c2545d4cb07e45001320ff6bbaa57a73b3e22dfd125673df5c8e1073be","current","v5에서 이관"
"legacy_verify_B03","backrooms_20260630","inputs/2026-06-30 00-23-03.mp4","3799793770","1783226578494110600","60.000000","3014.400","3035.800","","","contact_sheet","source_range","C13","B03","대표 시퀀스 검증","outputs/06_analysis/source_assets/backrooms_20260630/legacy/v5_verification/B03_contact.jpg","1203594df2d4950149e5428cad483006838bed504c4bdf61c4920d2fcda5182d","current","v5에서 이관"
"legacy_verify_C02","backrooms_20260630","inputs/2026-06-30 00-23-03.mp4","3799793770","1783226578494110600","60.000000","2082.000","2114.000","","","contact_sheet","source_range","C09","C02","대표 시퀀스 검증","outputs/06_analysis/source_assets/backrooms_20260630/legacy/v5_verification/C02_contact.jpg","d9ba41fd119ed7817e6c58b9f9c90e0d6618aefc80d29b7eb7fc8a5af350452b","current","v5에서 이관"
"legacy_verify_C05b","backrooms_20260630","inputs/2026-06-30 00-23-03.mp4","3799793770","1783226578494110600","60.000000","2190.500","2233.500","","","contact_sheet","source_range","C09","C05b","대표 시퀀스 검증","outputs/06_analysis/source_assets/backrooms_20260630/legacy/v5_verification/C05b_contact.jpg","74f659c463ea6fcef7c20d170b044a41b8b028d75471981a4af57c77c5a402ea","current","v5에서 이관"
"legacy_frames_B05","backrooms_20260630","inputs/2026-06-30 00-23-03.mp4","3799793770","1783226578494110600","60.000000","1106.410","1176.130","","512","frame_set","source_range","C06","B05","기존 원본 프레임 묶음","outputs/06_analysis/source_assets/backrooms_20260630/legacy/video_watch/full-edit-B05","492697193ba53322cfa64c5a1c2cd8d19d36f70e3f559a570145a756fbe92027","current","video-watch에서 이관"
"legacy_frames_B13","backrooms_20260630","inputs/2026-06-30 00-23-03.mp4","3799793770","1783226578494110600","60.000000","3502.090","3524.770","","512","frame_set","source_range","C15","B13","기존 원본 프레임 묶음","outputs/06_analysis/source_assets/backrooms_20260630/legacy/video_watch/full-edit-B13","3b830a393c6782dd69681bdd4453f33419b6c8e6639ad43dbf419654473407cd","current","video-watch에서 이관"
"legacy_frames_B15","backrooms_20260630","inputs/2026-06-30 00-23-03.mp4","3799793770","1783226578494110600","60.000000","4101.190","4134.940","","512","frame_set","source_range","C18","B15","기존 원본 프레임 묶음","outputs/06_analysis/source_assets/backrooms_20260630/legacy/video_watch/full-edit-B15","3a359deb60af73ef37d9167d07222262205a83c5e09f1b73bba2a5a72a890fb1","current","video-watch에서 이관"
"legacy_frames_hook","backrooms_20260630","inputs/2026-06-30 00-23-03.mp4","3799793770","1783226578494110600","60.000000","2180.000","2206.000","","512","frame_set","source_range","C09","HOOK","기존 훅 프레임 묶음","outputs/06_analysis/source_assets/backrooms_20260630/legacy/video_watch/full-edit-hook","37661f13db48a2c4966d8f7f750541a2af4426684c1ce33d09078ed59a9e87f8","current","video-watch에서 이관"
"legacy_frames_v3_hook","backrooms_20260630","inputs/2026-06-30 00-23-03.mp4","3799793770","1783226578494110600","60.000000","2180.000","2206.000","","768","frame_set","source_range","C09","HOOK","기존 v3 훅 프레임 묶음","outputs/06_analysis/source_assets/backrooms_20260630/legacy/video_watch/v3-hook","099cebef82129c466a33777ee7ea4e5c893add314c43244b2d867d8752af7b61","current","video-watch에서 이관"
"backrooms_20260630_t0000034300_w1024","backrooms_20260630","inputs/2026-06-30 00-23-03.mp4","3799793770","1783226578494110600","60.000000","34.300","34.300","2058","1024","source_frame","exact_frame","","","","outputs/06_analysis/source_assets/backrooms_20260630/frames/src_t0000034300_f000002058_w1024.jpg","1e7cf8b7b9b50381027ccc363d787445794188398e5a883bdd7ba7cb5f1c1252","current",""
"backrooms_20260630_t0000315000_w1024","backrooms_20260630","inputs/2026-06-30 00-23-03.mp4","3799793770","1783226578494110600","60.000000","315.000","315.000","18900","1024","source_frame","exact_frame","","","","outputs/06_analysis/source_assets/backrooms_20260630/frames/src_t0000315000_f000018900_w1024.jpg","46238b85536810a4f8ba282aab1b945790c51f94b36cf9485b6c14a8ce12760c","current",""
"backrooms_20260630_t0000330000_w1024","backrooms_20260630","inputs/2026-06-30 00-23-03.mp4","3799793770","1783226578494110600","60.000000","330.000","330.000","19800","1024","source_frame","exact_frame","","","","outputs/06_analysis/source_assets/backrooms_20260630/frames/src_t0000330000_f000019800_w1024.jpg","71eb4d44eeaae11923d3a174b85f4e089e022875a70d02d709948cb6463d09ad","current",""
"backrooms_20260630_t0000342000_w1024","backrooms_20260630","inputs/2026-06-30 00-23-03.mp4","3799793770","1783226578494110600","60.000000","342.000","342.000","20520","1024","source_frame","exact_frame","","","","outputs/06_analysis/source_assets/backrooms_20260630/frames/src_t0000342000_f000020520_w1024.jpg","97fed9640d61ef764318147495736f6bea6037d924f4c372b8349f963807dcd0","current",""
"backrooms_20260630_t0000409000_w1024","backrooms_20260630","inputs/2026-06-30 00-23-03.mp4","3799793770","1783226578494110600","60.000000","409.000","409.000","24540","1024","source_frame","exact_frame","","","","outputs/06_analysis/source_assets/backrooms_20260630/frames/src_t0000409000_f000024540_w1024.jpg","d9908357271022610ced8f710eda86050d31d63ecd37c7d69d40ec50d6e92d54","current",""
"backrooms_20260630_t0000433000_w1024","backrooms_20260630","inputs/2026-06-30 00-23-03.mp4","3799793770","1783226578494110600","60.000000","433.000","433.000","25980","1024","source_frame","exact_frame","","","","outputs/06_analysis/source_assets/backrooms_20260630/frames/src_t0000433000_f000025980_w1024.jpg","9bd5050a6a65fa904cf6a1d5b1207a3eaa0e1b47913cfa3ff486f9175dc71657","current",""
"backrooms_20260630_t0000446000_w1024","backrooms_20260630","inputs/2026-06-30 00-23-03.mp4","3799793770","1783226578494110600","60.000000","446.000","446.000","26760","1024","source_frame","exact_frame","","","","outputs/06_analysis/source_assets/backrooms_20260630/frames/src_t0000446000_f000026760_w1024.jpg","20210bb7b1c40915fbdc6a4aed4b88db3d33bd80e23203f8562355ab964f3800","current",""
"backrooms_20260630_t0000901000_w1024","backrooms_20260630","inputs/2026-06-30 00-23-03.mp4","3799793770","1783226578494110600","60.000000","901.000","901.000","54060","1024","source_frame","exact_frame","","","","outputs/06_analysis/source_assets/backrooms_20260630/frames/src_t0000901000_f000054060_w1024.jpg","61f57ac8ffedfd136215535bc36213109807a2d443873445c27fe5dbbb2f8d9d","current",""
"backrooms_20260630_t0000910000_w1024","backrooms_20260630","inputs/2026-06-30 00-23-03.mp4","3799793770","1783226578494110600","60.000000","910.000","910.000","54600","1024","source_frame","exact_frame","","","","outputs/06_analysis/source_assets/backrooms_20260630/frames/src_t0000910000_f000054600_w1024.jpg","42f3d13813e621c2d1249fec5cef7d5e3354f71d5df683c5f364d0598f8527fb","current",""
"backrooms_20260630_t0001043000_w1024","backrooms_20260630","inputs/2026-06-30 00-23-03.mp4","3799793770","1783226578494110600","60.000000","1043.000","1043.000","62580","1024","source_frame","exact_frame","","","","outputs/06_analysis/source_assets/backrooms_20260630/frames/src_t0001043000_f000062580_w1024.jpg","8594b27686eaa1608800a323ca5bd489d9941b1f9aad921061f7029fad466a36","current",""
"backrooms_20260630_t0001094000_w1024","backrooms_20260630","inputs/2026-06-30 00-23-03.mp4","3799793770","1783226578494110600","60.000000","1094.000","1094.000","65640","1024","source_frame","exact_frame","","","","outputs/06_analysis/source_assets/backrooms_20260630/frames/src_t0001094000_f000065640_w1024.jpg","d08d4bd7e86c069efbc4f848f56bb8693b90a57707cd01a2b44239ff4dee64c1","current",""
"backrooms_20260630_t0002666000_w1024","backrooms_20260630","inputs/2026-06-30 00-23-03.mp4","3799793770","1783226578494110600","60.000000","2666.000","2666.000","159960","1024","source_frame","exact_frame","","","","outputs/06_analysis/source_assets/backrooms_20260630/frames/src_t0002666000_f000159960_w1024.jpg","eb2a907c82443e138522266ff0a17ae41066b5527f15bd1268cc53a14a1d2ec1","current",""
"backrooms_20260630_t0002682000_w1024","backrooms_20260630","inputs/2026-06-30 00-23-03.mp4","3799793770","1783226578494110600","60.000000","2682.000","2682.000","160920","1024","source_frame","exact_frame","","","","outputs/06_analysis/source_assets/backrooms_20260630/frames/src_t0002682000_f000160920_w1024.jpg","69d3ea0fbdbb4e547a63810f4bbd2a547623b09e85d961c1a09a3a656f5d3203","current",""
"backrooms_20260630_t0002705000_w1024","backrooms_20260630","inputs/2026-06-30 00-23-03.mp4","3799793770","1783226578494110600","60.000000","2705.000","2705.000","162300","1024","source_frame","exact_frame","","","","outputs/06_analysis/source_assets/backrooms_20260630/frames/src_t0002705000_f000162300_w1024.jpg","924c218266c63863e3a1c1dde1c419f8566f71fd611610ac4c2567c592902d4f","current",""
"backrooms_20260630_t0003423000_w1024","backrooms_20260630","inputs/2026-06-30 00-23-03.mp4","3799793770","1783226578494110600","60.000000","3423.000","3423.000","205380","1024","source_frame","exact_frame","","","","outputs/06_analysis/source_assets/backrooms_20260630/frames/src_t0003423000_f000205380_w1024.jpg","c99d8009be161cd0fbcf1e1cef096734cca282fe00264573b3287f0bb9073922","current",""
"backrooms_20260630_t0003503000_w1024","backrooms_20260630","inputs/2026-06-30 00-23-03.mp4","3799793770","1783226578494110600","60.000000","3503.000","3503.000","210180","1024","source_frame","exact_frame","","","","outputs/06_analysis/source_assets/backrooms_20260630/frames/src_t0003503000_f000210180_w1024.jpg","656cc8b0fb7af02da196e12d8623df7e781ca4e0af44467b162583920e605463","current",""
"backrooms_20260630_t0003516000_w1024","backrooms_20260630","inputs/2026-06-30 00-23-03.mp4","3799793770","1783226578494110600","60.000000","3516.000","3516.000","210960","1024","source_frame","exact_frame","","","","outputs/06_analysis/source_assets/backrooms_20260630/frames/src_t0003516000_f000210960_w1024.jpg","3a596b37318b21db36aa5a5c839bae61be9ae2a3837c07cc072c020b74e1e45c","current",""
"backrooms_20260630_t0003528000_w1024","backrooms_20260630","inputs/2026-06-30 00-23-03.mp4","3799793770","1783226578494110600","60.000000","3528.000","3528.000","211680","1024","source_frame","exact_frame","","","","outputs/06_analysis/source_assets/backrooms_20260630/frames/src_t0003528000_f000211680_w1024.jpg","417a94a6d6d70a324e8adc0a5561fa1912c1825ae7fc96c1b0027b71dadad4eb","current",""
"backrooms_20260630_t0003545000_w1024","backrooms_20260630","inputs/2026-06-30 00-23-03.mp4","3799793770","1783226578494110600","60.000000","3545.000","3545.000","212700","1024","source_frame","exact_frame","","","","outputs/06_analysis/source_assets/backrooms_20260630/frames/src_t0003545000_f000212700_w1024.jpg","7d24cf7b84ae15455f8f4f3b301437120cbbd94da9531a11e59e3d945054c92e","current",""
"backrooms_20260630_t0004272000_w1024","backrooms_20260630","inputs/2026-06-30 00-23-03.mp4","3799793770","1783226578494110600","60.000000","4272.000","4272.000","256320","1024","source_frame","exact_frame","","","","outputs/06_analysis/source_assets/backrooms_20260630/frames/src_t0004272000_f000256320_w1024.jpg","36870f00232ca483c21fd5721f002317c886fc445c5eb7612f79789dc992fe8d","current",""
"backrooms_20260630_t0004344000_w1024","backrooms_20260630","inputs/2026-06-30 00-23-03.mp4","3799793770","1783226578494110600","60.000000","4344.000","4344.000","260640","1024","source_frame","exact_frame","","","","outputs/06_analysis/source_assets/backrooms_20260630/frames/src_t0004344000_f000260640_w1024.jpg","ec399d5632df0726dd2458b1f89d82ebdafd4ed6528b48e8e8203babc626d87a","current",""
"backrooms_20260630_t0004582000_w1024","backrooms_20260630","inputs/2026-06-30 00-23-03.mp4","3799793770","1783226578494110600","60.000000","4582.000","4582.000","274920","1024","source_frame","exact_frame","","","","outputs/06_analysis/source_assets/backrooms_20260630/frames/src_t0004582000_f000274920_w1024.jpg","9927f36ec4b28381570c9ce5a48a348c85fa160b063b42779cf34becc7f05912","current",""
"backrooms_20260630_t0004592000_w1024","backrooms_20260630","inputs/2026-06-30 00-23-03.mp4","3799793770","1783226578494110600","60.000000","4592.000","4592.000","275520","1024","source_frame","exact_frame","","","","outputs/06_analysis/source_assets/backrooms_20260630/frames/src_t0004592000_f000275520_w1024.jpg","2ca46ca19437cd2890ef5ba77cfcf6d958bd1dba1db76c65297ae7e7bedb6384","current",""
"backrooms_20260630_t0004605000_w1024","backrooms_20260630","inputs/2026-06-30 00-23-03.mp4","3799793770","1783226578494110600","60.000000","4605.000","4605.000","276300","1024","source_frame","exact_frame","","","","outputs/06_analysis/source_assets/backrooms_20260630/frames/src_t0004605000_f000276300_w1024.jpg","7ea1c53356f785339b3b3ca5ef5b9acbfc114d53d4bfe72efbe2efe110f4b2b3","current",""
"backrooms_20260630_t0004695000_w1024","backrooms_20260630","inputs/2026-06-30 00-23-03.mp4","3799793770","1783226578494110600","60.000000","4695.000","4695.000","281700","1024","source_frame","exact_frame","","","","outputs/06_analysis/source_assets/backrooms_20260630/frames/src_t0004695000_f000281700_w1024.jpg","4484970937faa1d7e219d103f307a1dbf1ab90472f3d13462f189a2efa57da4a","current",""
"backrooms_20260630_t0004710000_w1024","backrooms_20260630","inputs/2026-06-30 00-23-03.mp4","3799793770","1783226578494110600","60.000000","4710.000","4710.000","282600","1024","source_frame","exact_frame","","","","outputs/06_analysis/source_assets/backrooms_20260630/frames/src_t0004710000_f000282600_w1024.jpg","7b265a93987cbe90063224328465a549405908b87ad72926d5cb446890155c70","current",""
"backrooms_20260630_t0004730000_w1024","backrooms_20260630","inputs/2026-06-30 00-23-03.mp4","3799793770","1783226578494110600","60.000000","4730.000","4730.000","283800","1024","source_frame","exact_frame","","","","outputs/06_analysis/source_assets/backrooms_20260630/frames/src_t0004730000_f000283800_w1024.jpg","09955cbfd0f42c46a4f57512d79244bb3cd8ccf1e07cc356061fa1e63d8c1279","current",""
"backrooms_20260630_t0001330000_w1024","backrooms_20260630","inputs/2026-06-30 00-23-03.mp4","3799793770","1783226578494110600","60.000000","1330.000","1330.000","79800","1024","source_frame","exact_frame","","","","outputs/06_analysis/source_assets/backrooms_20260630/frames/src_t0001330000_f000079800_w1024.jpg","ee0bdff96f4e87b56f9d6f8578aaf15b7cbede8b0ab44489a880dc6f3e677b3d","current",""
"backrooms_20260630_t0001340000_w1024","backrooms_20260630","inputs/2026-06-30 00-23-03.mp4","3799793770","1783226578494110600","60.000000","1340.000","1340.000","80400","1024","source_frame","exact_frame","","","","outputs/06_analysis/source_assets/backrooms_20260630/frames/src_t0001340000_f000080400_w1024.jpg","28d5b94f1d370eb6b69348f26b23468a3aae05d5905f34c1a5f26fad71b04bf4","current",""
"backrooms_20260630_t0004702000_w1024","backrooms_20260630","inputs/2026-06-30 00-23-03.mp4","3799793770","1783226578494110600","60.000000","4702.000","4702.000","282120","1024","source_frame","exact_frame","","","","outputs/06_analysis/source_assets/backrooms_20260630/frames/src_t0004702000_f000282120_w1024.jpg","f4765c5f9d5a506fa4137c0545152223cfff3690fc472389565af531e9699e10","current",""
"backrooms_20260630_t0004707000_w1024","backrooms_20260630","inputs/2026-06-30 00-23-03.mp4","3799793770","1783226578494110600","60.000000","4707.000","4707.000","282420","1024","source_frame","exact_frame","","","","outputs/06_analysis/source_assets/backrooms_20260630/frames/src_t0004707000_f000282420_w1024.jpg","ad3beaeb94cbd1581e1a2a7a5b73a273117dafcc6cdb2def576845ea4226751a","current",""
"backrooms_20260630_t0004714000_w1024","backrooms_20260630","inputs/2026-06-30 00-23-03.mp4","3799793770","1783226578494110600","60.000000","4714.000","4714.000","282840","1024","source_frame","exact_frame","","","","outputs/06_analysis/source_assets/backrooms_20260630/frames/src_t0004714000_f000282840_w1024.jpg","fcce54a6335b8bbf0dc43d580b4b8b2cff284fc2c17e0ba795aea3d7f0e1d667","current",""
"backrooms_20260630_t0004722000_w1024","backrooms_20260630","inputs/2026-06-30 00-23-03.mp4","3799793770","1783226578494110600","60.000000","4722.000","4722.000","283320","1024","source_frame","exact_frame","","","","outputs/06_analysis/source_assets/backrooms_20260630/frames/src_t0004722000_f000283320_w1024.jpg","d4c19df0f28b452370bf0ca7ae7aa08b1f4d26851594ae631ce57a577e31066f","current",""
"backrooms_20260630_t0004735000_w1024","backrooms_20260630","inputs/2026-06-30 00-23-03.mp4","3799793770","1783226578494110600","60.000000","4735.000","4735.000","284100","1024","source_frame","exact_frame","","","","outputs/06_analysis/source_assets/backrooms_20260630/frames/src_t0004735000_f000284100_w1024.jpg","86701ada6a1814b9de61351928e50ecf6369adadd1161ea4d065aaab91f8009e","current",""
"backrooms_20260630_t0001329500_w512","backrooms_20260630","inputs/2026-06-30 00-23-03.mp4","3799793770","1783226578494110600","60.000000","1329.500","1329.500","79770","512","source_frame","exact_frame","","","","outputs/06_analysis/source_assets/backrooms_20260630/frames/src_t0001329500_f000079770_w512.jpg","e1435def80c6f1aac2fcd48f17eb6eb8b329f70bb4a9fc646db32fb5c7d728aa","current",""
"backrooms_20260630_t0001332000_w512","backrooms_20260630","inputs/2026-06-30 00-23-03.mp4","3799793770","1783226578494110600","60.000000","1332.000","1332.000","79920","512","source_frame","exact_frame","","","","outputs/06_analysis/source_assets/backrooms_20260630/frames/src_t0001332000_f000079920_w512.jpg","4a1e38530df009154fcc7b628d2d1e31d9da8c92ee7af9b7934fd22db2fa0e0c","current",""
"backrooms_20260630_t0000042600_w512","backrooms_20260630","inputs/2026-06-30 00-23-03.mp4","3799793770","1783226578494110600","60.000000","42.600","42.600","2556","512","source_frame","exact_frame","","","","outputs/06_analysis/source_assets/backrooms_20260630/frames/src_t0000042600_f000002556_w512.jpg","26b0309171420e44d2ec5fe941d03ce00e00d9b3af764654e174c9928aaafcc2","current",""
"backrooms_20260630_t0000117500_w512","backrooms_20260630","inputs/2026-06-30 00-23-03.mp4","3799793770","1783226578494110600","60.000000","117.500","117.500","7050","512","source_frame","exact_frame","","","","outputs/06_analysis/source_assets/backrooms_20260630/frames/src_t0000117500_f000007050_w512.jpg","3f0bfbfe1c336e1209dc8e1bcdec8c107c3953445c9eed93b76f3514668b9c67","current",""
"backrooms_20260630_t0000314950_w512","backrooms_20260630","inputs/2026-06-30 00-23-03.mp4","3799793770","1783226578494110600","60.000000","314.950","314.950","18897","512","source_frame","exact_frame","","","","outputs/06_analysis/source_assets/backrooms_20260630/frames/src_t0000314950_f000018897_w512.jpg","8f32c2eb727c18162a15bc7f506b5c456fbbf54563cdef4eeadceafdd26b467b","current",""
"backrooms_20260630_t0000347500_w512","backrooms_20260630","inputs/2026-06-30 00-23-03.mp4","3799793770","1783226578494110600","60.000000","347.500","347.500","20850","512","source_frame","exact_frame","","","","outputs/06_analysis/source_assets/backrooms_20260630/frames/src_t0000347500_f000020850_w512.jpg","174dfa37bbceec8e8c132d564df245af6f2a7427f7f1d234411b48eea067e426","current",""
"backrooms_20260630_t0002084800_w1024","backrooms_20260630","inputs/2026-06-30 00-23-03.mp4","3799793770","1783226578494110600","60.000000","2084.800","2084.800","125088","1024","source_frame","exact_frame","","","","outputs/06_analysis/source_assets/backrooms_20260630/frames/src_t0002084800_f000125088_w1024.jpg","44792a90f6086ef5cc0e26411e8585643d039d68265a8b87dcfc29ed7e131e20","current",""
"backrooms_20260630_t0002097000_w1024","backrooms_20260630","inputs/2026-06-30 00-23-03.mp4","3799793770","1783226578494110600","60.000000","2097.000","2097.000","125820","1024","source_frame","exact_frame","","","","outputs/06_analysis/source_assets/backrooms_20260630/frames/src_t0002097000_f000125820_w1024.jpg","176b642d24c37f9de6c6fccb58662f45e4481365e4ffa4d1e8d04e124aa0564e","current",""
"backrooms_20260630_t0002121000_w1024","backrooms_20260630","inputs/2026-06-30 00-23-03.mp4","3799793770","1783226578494110600","60.000000","2121.000","2121.000","127260","1024","source_frame","exact_frame","","","","outputs/06_analysis/source_assets/backrooms_20260630/frames/src_t0002121000_f000127260_w1024.jpg","ded3ea8af98f4ea64b3dd01fdfc98c49e470bf52778ddda23e50058b31f93238","current",""
"backrooms_20260630_t0002193500_w1024","backrooms_20260630","inputs/2026-06-30 00-23-03.mp4","3799793770","1783226578494110600","60.000000","2193.500","2193.500","131610","1024","source_frame","exact_frame","","","","outputs/06_analysis/source_assets/backrooms_20260630/frames/src_t0002193500_f000131610_w1024.jpg","3d745daa6682cf11090dbaf99627e3ac5e55cd1a1b8555da923ef831e7435b8c","current",""
"backrooms_20260630_t0002201000_w1024","backrooms_20260630","inputs/2026-06-30 00-23-03.mp4","3799793770","1783226578494110600","60.000000","2201.000","2201.000","132060","1024","source_frame","exact_frame","","","","outputs/06_analysis/source_assets/backrooms_20260630/frames/src_t0002201000_f000132060_w1024.jpg","bca7a479a4358c61e3a4d072f598921dc6d180f39742e59ae7e1f4e6f38dc24d","current",""
"backrooms_20260630_t0002214000_w1024","backrooms_20260630","inputs/2026-06-30 00-23-03.mp4","3799793770","1783226578494110600","60.000000","2214.000","2214.000","132840","1024","source_frame","exact_frame","","","","outputs/06_analysis/source_assets/backrooms_20260630/frames/src_t0002214000_f000132840_w1024.jpg","2b0550d3e5b5bd26a60e0ce2f6173d68c7b5ba20b6bdb568aaa3b2bde2edfbf9","current",""
"backrooms_20260630_t0002225000_w1024","backrooms_20260630","inputs/2026-06-30 00-23-03.mp4","3799793770","1783226578494110600","60.000000","2225.000","2225.000","133500","1024","source_frame","exact_frame","","","","outputs/06_analysis/source_assets/backrooms_20260630/frames/src_t0002225000_f000133500_w1024.jpg","e44fac12744175049c742cb0a7084f297a7f95dee14f1557524d831f37e2e5a9","current",""
"backrooms_20260630_t0002245000_w1024","backrooms_20260630","inputs/2026-06-30 00-23-03.mp4","3799793770","1783226578494110600","60.000000","2245.000","2245.000","134700","1024","source_frame","exact_frame","","","","outputs/06_analysis/source_assets/backrooms_20260630/frames/src_t0002245000_f000134700_w1024.jpg","6d1b518bc847c2a7d4a0b2e4f37066cdfe20625cb4999a8a557f357951e0c919","current",""
"backrooms_20260630_t0002260000_w1024","backrooms_20260630","inputs/2026-06-30 00-23-03.mp4","3799793770","1783226578494110600","60.000000","2260.000","2260.000","135600","1024","source_frame","exact_frame","","","","outputs/06_analysis/source_assets/backrooms_20260630/frames/src_t0002260000_f000135600_w1024.jpg","37c203c3a58cee74b071847ef2084cfab48719ce22eb7acdce066dcae7fe9dd7","current",""
"backrooms_20260630_t0002086000_w1024","backrooms_20260630","inputs/2026-06-30 00-23-03.mp4","3799793770","1783226578494110600","60.000000","2086.000","2086.000","125160","1024","source_frame","exact_frame","","","","outputs/06_analysis/source_assets/backrooms_20260630/frames/src_t0002086000_f000125160_w1024.jpg","7cad5b6d899db52fb34fed1f55024e28fbc5c13551147f219ca1cd3cf45e2ca3","current",""
"backrooms_20260630_t0002088000_w1024","backrooms_20260630","inputs/2026-06-30 00-23-03.mp4","3799793770","1783226578494110600","60.000000","2088.000","2088.000","125280","1024","source_frame","exact_frame","","","","outputs/06_analysis/source_assets/backrooms_20260630/frames/src_t0002088000_f000125280_w1024.jpg","6ae640b9ac7bcb3d3288943b3bf2c1e07e802bafb985c2d35c61a3436e67bcbc","current",""
"backrooms_20260630_t0002090000_w1024","backrooms_20260630","inputs/2026-06-30 00-23-03.mp4","3799793770","1783226578494110600","60.000000","2090.000","2090.000","125400","1024","source_frame","exact_frame","","","","outputs/06_analysis/source_assets/backrooms_20260630/frames/src_t0002090000_f000125400_w1024.jpg","74f158be03eeabe557caa0e9b5c5320d1a9a5ac02c2b8e52f3226e3c1d6976f4","current",""
"backrooms_20260630_t0002092000_w1024","backrooms_20260630","inputs/2026-06-30 00-23-03.mp4","3799793770","1783226578494110600","60.000000","2092.000","2092.000","125520","1024","source_frame","exact_frame","","","","outputs/06_analysis/source_assets/backrooms_20260630/frames/src_t0002092000_f000125520_w1024.jpg","19ab29081184bc0fe6ae81e807b4472eb172b1d6495a8ec4a3c89a2092adfee5","current",""
"backrooms_20260630_t0002094000_w1024","backrooms_20260630","inputs/2026-06-30 00-23-03.mp4","3799793770","1783226578494110600","60.000000","2094.000","2094.000","125640","1024","source_frame","exact_frame","","","","outputs/06_analysis/source_assets/backrooms_20260630/frames/src_t0002094000_f000125640_w1024.jpg","22eee1031de17bb02cd9871e37a3854cf84b527e94442724e180f1e978036565","current",""
"backrooms_20260630_t0002096000_w1024","backrooms_20260630","inputs/2026-06-30 00-23-03.mp4","3799793770","1783226578494110600","60.000000","2096.000","2096.000","125760","1024","source_frame","exact_frame","","","","outputs/06_analysis/source_assets/backrooms_20260630/frames/src_t0002096000_f000125760_w1024.jpg","5b2dc8fe6bdc773e899a2cfad8c4d10405652f24360bb0e43731cf6345f542af","current",""
"backrooms_20260630_t0002188000_w1024","backrooms_20260630","inputs/2026-06-30 00-23-03.mp4","3799793770","1783226578494110600","60.000000","2188.000","2188.000","131280","1024","source_frame","exact_frame","","","","outputs/06_analysis/source_assets/backrooms_20260630/frames/src_t0002188000_f000131280_w1024.jpg","1810b16a00a95015ff036d6555b432c83d77165b76f8227bedca20160aba1e75","current",""
"backrooms_20260630_t0002190000_w1024","backrooms_20260630","inputs/2026-06-30 00-23-03.mp4","3799793770","1783226578494110600","60.000000","2190.000","2190.000","131400","1024","source_frame","exact_frame","","","","outputs/06_analysis/source_assets/backrooms_20260630/frames/src_t0002190000_f000131400_w1024.jpg","38b045c15fbdb072f779052ac31c2f83ac8942446ab48e0496c55eac5709a7f9","current",""
"backrooms_20260630_t0002192000_w1024","backrooms_20260630","inputs/2026-06-30 00-23-03.mp4","3799793770","1783226578494110600","60.000000","2192.000","2192.000","131520","1024","source_frame","exact_frame","","","","outputs/06_analysis/source_assets/backrooms_20260630/frames/src_t0002192000_f000131520_w1024.jpg","cafd6028bc1fe6147f73b8965413cedf9ae590560d26f94ade0df321f7680c46","current",""
"backrooms_20260630_t0002194000_w1024","backrooms_20260630","inputs/2026-06-30 00-23-03.mp4","3799793770","1783226578494110600","60.000000","2194.000","2194.000","131640","1024","source_frame","exact_frame","","","","outputs/06_analysis/source_assets/backrooms_20260630/frames/src_t0002194000_f000131640_w1024.jpg","ece3967fab2bb4757c9ee401c7669f1693501c40caa83276cbd580d0eb999cb2","current",""
"backrooms_20260630_t0002196000_w1024","backrooms_20260630","inputs/2026-06-30 00-23-03.mp4","3799793770","1783226578494110600","60.000000","2196.000","2196.000","131760","1024","source_frame","exact_frame","","","","outputs/06_analysis/source_assets/backrooms_20260630/frames/src_t0002196000_f000131760_w1024.jpg","55223a2eaffba29ccef9361c1a2c9f97e323c62288856eb7bbe3355f64cc7ef4","current",""
"backrooms_20260630_t0002198000_w1024","backrooms_20260630","inputs/2026-06-30 00-23-03.mp4","3799793770","1783226578494110600","60.000000","2198.000","2198.000","131880","1024","source_frame","exact_frame","","","","outputs/06_analysis/source_assets/backrooms_20260630/frames/src_t0002198000_f000131880_w1024.jpg","1c6c12541e52019cb2ffc79924f20421434868cba6be97963793646bbb462837","current",""
"backrooms_20260630_t0002297000_w1024","backrooms_20260630","inputs/2026-06-30 00-23-03.mp4","3799793770","1783226578494110600","60.000000","2297.000","2297.000","137820","1024","source_frame","exact_frame","","","","outputs/06_analysis/source_assets/backrooms_20260630/frames/src_t0002297000_f000137820_w1024.jpg","e666f41a1b2fa81960bbf8377812dfaf1454d73cca3b791f47d9460af9486134","current",""
"backrooms_20260630_t0002300000_w1024","backrooms_20260630","inputs/2026-06-30 00-23-03.mp4","3799793770","1783226578494110600","60.000000","2300.000","2300.000","138000","1024","source_frame","exact_frame","","","","outputs/06_analysis/source_assets/backrooms_20260630/frames/src_t0002300000_f000138000_w1024.jpg","3687cf0bf56cca45f19c6e3c2f78b6160d1a0fb401f411321cb6c27b157f9c63","current",""
"backrooms_20260630_t0002336500_w1024","backrooms_20260630","inputs/2026-06-30 00-23-03.mp4","3799793770","1783226578494110600","60.000000","2336.500","2336.500","140190","1024","source_frame","exact_frame","","","","outputs/06_analysis/source_assets/backrooms_20260630/frames/src_t0002336500_f000140190_w1024.jpg","73bbb649cbf257409764c56366e6c678af8c19a63bc6ebaa5636430a5eafc115","current",""
"backrooms_20260630_t0002341900_w1024","backrooms_20260630","inputs/2026-06-30 00-23-03.mp4","3799793770","1783226578494110600","60.000000","2341.900","2341.900","140514","1024","source_frame","exact_frame","","","","outputs/06_analysis/source_assets/backrooms_20260630/frames/src_t0002341900_f000140514_w1024.jpg","f00ad85279134cb06fcc1be55dd1b3a7bacf4fabd4bfc45af5e98a1290a63d38","current",""
"backrooms_20260630_t0002342800_w1024","backrooms_20260630","inputs/2026-06-30 00-23-03.mp4","3799793770","1783226578494110600","60.000000","2342.800","2342.800","140568","1024","source_frame","exact_frame","","","","outputs/06_analysis/source_assets/backrooms_20260630/frames/src_t0002342800_f000140568_w1024.jpg","12bf2195c4446ff602c0d7e19e71a04384dcbd3cc3e3d22936d7105a337abfbe","current",""
"backrooms_20260630_t0002344900_w1024","backrooms_20260630","inputs/2026-06-30 00-23-03.mp4","3799793770","1783226578494110600","60.000000","2344.900","2344.900","140694","1024","source_frame","exact_frame","","","","outputs/06_analysis/source_assets/backrooms_20260630/frames/src_t0002344900_f000140694_w1024.jpg","76bbeb13ba23c050ef96478135eb08439bc05025a7aaf8669d66ddffd18a5772","current",""
"backrooms_20260630_t0002346300_w1024","backrooms_20260630","inputs/2026-06-30 00-23-03.mp4","3799793770","1783226578494110600","60.000000","2346.300","2346.300","140778","1024","source_frame","exact_frame","","","","outputs/06_analysis/source_assets/backrooms_20260630/frames/src_t0002346300_f000140778_w1024.jpg","286f171ab93ecf093145ac40eca1144d041fee6a92a05065c1b0a2f5f2293328","current",""
"backrooms_20260630_t0002348200_w1024","backrooms_20260630","inputs/2026-06-30 00-23-03.mp4","3799793770","1783226578494110600","60.000000","2348.200","2348.200","140892","1024","source_frame","exact_frame","","","","outputs/06_analysis/source_assets/backrooms_20260630/frames/src_t0002348200_f000140892_w1024.jpg","3dd60c66580061191da63b497074c8389878d2d3676bf41073813d275446cf55","current",""
"backrooms_20260630_t0002350800_w1024","backrooms_20260630","inputs/2026-06-30 00-23-03.mp4","3799793770","1783226578494110600","60.000000","2350.800","2350.800","141048","1024","source_frame","exact_frame","","","","outputs/06_analysis/source_assets/backrooms_20260630/frames/src_t0002350800_f000141048_w1024.jpg","1e95cb5def007af0336a58772c60a65c0febe0e46e63f78a2196a3b3c5b7e291","current",""
"backrooms_20260630_t0003502200_w1024","backrooms_20260630","inputs/2026-06-30 00-23-03.mp4","3799793770","1783226578494110600","60.000000","3502.200","3502.200","210132","1024","source_frame","exact_frame","","","","outputs/06_analysis/source_assets/backrooms_20260630/frames/src_t0003502200_f000210132_w1024.jpg","5383e5c2352175b8d456b6e52860fe61d4a8d5411a10772e5102355b339773e5","current",""
"backrooms_20260630_t0003505900_w1024","backrooms_20260630","inputs/2026-06-30 00-23-03.mp4","3799793770","1783226578494110600","60.000000","3505.900","3505.900","210354","1024","source_frame","exact_frame","","","","outputs/06_analysis/source_assets/backrooms_20260630/frames/src_t0003505900_f000210354_w1024.jpg","b7be72cc9f8f23f749bbf85cf9ffc1d69fb4620605ab64d76096cc961a92ff79","current",""
"backrooms_20260630_t0003506600_w1024","backrooms_20260630","inputs/2026-06-30 00-23-03.mp4","3799793770","1783226578494110600","60.000000","3506.600","3506.600","210396","1024","source_frame","exact_frame","","","","outputs/06_analysis/source_assets/backrooms_20260630/frames/src_t0003506600_f000210396_w1024.jpg","c4bd6c8f92c6b67f9b9b72f8808782de108c05b74a7c72b82d2f6a5384778a4a","current",""
"backrooms_20260630_t0003507900_w1024","backrooms_20260630","inputs/2026-06-30 00-23-03.mp4","3799793770","1783226578494110600","60.000000","3507.900","3507.900","210474","1024","source_frame","exact_frame","","","","outputs/06_analysis/source_assets/backrooms_20260630/frames/src_t0003507900_f000210474_w1024.jpg","2d6cc7fc6d24e7a94ba2d89126f3e9d7e75652dd1ef614308221ea25c46c1875","current",""
"backrooms_20260630_t0003510400_w1024","backrooms_20260630","inputs/2026-06-30 00-23-03.mp4","3799793770","1783226578494110600","60.000000","3510.400","3510.400","210624","1024","source_frame","exact_frame","","","","outputs/06_analysis/source_assets/backrooms_20260630/frames/src_t0003510400_f000210624_w1024.jpg","0e2afda74a4d190a02c7c9d845a21a0d0cdcce528627d357306cf2da9f8357fb","current",""
"backrooms_20260630_t0003513900_w1024","backrooms_20260630","inputs/2026-06-30 00-23-03.mp4","3799793770","1783226578494110600","60.000000","3513.900","3513.900","210834","1024","source_frame","exact_frame","","","","outputs/06_analysis/source_assets/backrooms_20260630/frames/src_t0003513900_f000210834_w1024.jpg","28b7a78a41e2634de0a176e4befa7ea0cc31f0e593619c2c509a5124b139df39","current",""
"backrooms_20260630_t0003520600_w1024","backrooms_20260630","inputs/2026-06-30 00-23-03.mp4","3799793770","1783226578494110600","60.000000","3520.600","3520.600","211236","1024","source_frame","exact_frame","","","","outputs/06_analysis/source_assets/backrooms_20260630/frames/src_t0003520600_f000211236_w1024.jpg","cd53a7faf26a2b7b09db9637e597e009550b180615687895d53fae71303b8dcc","current",""
"backrooms_20260630_t0003522900_w1024","backrooms_20260630","inputs/2026-06-30 00-23-03.mp4","3799793770","1783226578494110600","60.000000","3522.900","3522.900","211374","1024","source_frame","exact_frame","","","","outputs/06_analysis/source_assets/backrooms_20260630/frames/src_t0003522900_f000211374_w1024.jpg","7e4470cdb440fbf2d7678ab779d14cc7a0b6d2874daffffe86a9382c0e64a52c","current",""
"backrooms_20260630_t0004271100_w1024","backrooms_20260630","inputs/2026-06-30 00-23-03.mp4","3799793770","1783226578494110600","60.000000","4271.100","4271.100","256266","1024","source_frame","exact_frame","","","","outputs/06_analysis/source_assets/backrooms_20260630/frames/src_t0004271100_f000256266_w1024.jpg","a70ad325410f366c9f90f1764ce7997c1fb712e52f0c842174cbd69f7215f641","current",""
"backrooms_20260630_t0004275900_w1024","backrooms_20260630","inputs/2026-06-30 00-23-03.mp4","3799793770","1783226578494110600","60.000000","4275.900","4275.900","256554","1024","source_frame","exact_frame","","","","outputs/06_analysis/source_assets/backrooms_20260630/frames/src_t0004275900_f000256554_w1024.jpg","e9336ddca988b71a912cacc2155419f3ce67029e8a36dbabc4cd9bab394f99af","current",""
"backrooms_20260630_t0004342300_w1024","backrooms_20260630","inputs/2026-06-30 00-23-03.mp4","3799793770","1783226578494110600","60.000000","4342.300","4342.300","260538","1024","source_frame","exact_frame","","","","outputs/06_analysis/source_assets/backrooms_20260630/frames/src_t0004342300_f000260538_w1024.jpg","32279e7b0df60898003261488382aa7da5b5ccad84aefb3954d7ea9f32b17c46","current",""
"backrooms_20260630_t0004347900_w1024","backrooms_20260630","inputs/2026-06-30 00-23-03.mp4","3799793770","1783226578494110600","60.000000","4347.900","4347.900","260874","1024","source_frame","exact_frame","","","","outputs/06_analysis/source_assets/backrooms_20260630/frames/src_t0004347900_f000260874_w1024.jpg","a7be7e776173c62a8ecb46beedd6ce2f6b4f4eae2661ef76ded85d5fdf1dc21a","current",""
"backrooms_20260630_t0004348800_w1024","backrooms_20260630","inputs/2026-06-30 00-23-03.mp4","3799793770","1783226578494110600","60.000000","4348.800","4348.800","260928","1024","source_frame","exact_frame","","","","outputs/06_analysis/source_assets/backrooms_20260630/frames/src_t0004348800_f000260928_w1024.jpg","b4250b745f52fdb564b156978f657e863f84ca7cdd2c8d3600f092eb70e31c41","current",""
"backrooms_20260630_t0004350900_w1024","backrooms_20260630","inputs/2026-06-30 00-23-03.mp4","3799793770","1783226578494110600","60.000000","4350.900","4350.900","261054","1024","source_frame","exact_frame","","","","outputs/06_analysis/source_assets/backrooms_20260630/frames/src_t0004350900_f000261054_w1024.jpg","6e7c9a9869b39952c06a37cdda81868f76df88919664f1019f9ca7cb81c65c5f","current",""
"backrooms_20260630_t0004352100_w1024","backrooms_20260630","inputs/2026-06-30 00-23-03.mp4","3799793770","1783226578494110600","60.000000","4352.100","4352.100","261126","1024","source_frame","exact_frame","","","","outputs/06_analysis/source_assets/backrooms_20260630/frames/src_t0004352100_f000261126_w1024.jpg","2be283c08a6603925807c28a341ae85a575f585196bd5eae6a989341d9e41ebc","current",""
"backrooms_20260630_t0004353900_w1024","backrooms_20260630","inputs/2026-06-30 00-23-03.mp4","3799793770","1783226578494110600","60.000000","4353.900","4353.900","261234","1024","source_frame","exact_frame","","","","outputs/06_analysis/source_assets/backrooms_20260630/frames/src_t0004353900_f000261234_w1024.jpg","6f07f959dea72df249771c026cb4664e3c23e3129d629659ab7b034acf05c689","current",""
"backrooms_20260630_t0004790400_w1024","backrooms_20260630","inputs/2026-06-30 00-23-03.mp4","3799793770","1783226578494110600","60.000000","4790.400","4790.400","287424","1024","source_frame","exact_frame","","","","outputs/06_analysis/source_assets/backrooms_20260630/frames/src_t0004790400_f000287424_w1024.jpg","7830cb7b78adc48fd1abf075f17feebcedd879b12459e525f79f16b19adb8ed1","current",""
"backrooms_20260630_t0004793900_w1024","backrooms_20260630","inputs/2026-06-30 00-23-03.mp4","3799793770","1783226578494110600","60.000000","4793.900","4793.900","287634","1024","source_frame","exact_frame","","","","outputs/06_analysis/source_assets/backrooms_20260630/frames/src_t0004793900_f000287634_w1024.jpg","84c15a7519afb30d4493e2073ab452cc62d783f7c1d499ad1ce41a7220a264c4","current",""
"backrooms_20260630_t0004864400_w1024","backrooms_20260630","inputs/2026-06-30 00-23-03.mp4","3799793770","1783226578494110600","60.000000","4864.400","4864.400","291864","1024","source_frame","exact_frame","","","","outputs/06_analysis/source_assets/backrooms_20260630/frames/src_t0004864400_f000291864_w1024.jpg","ae0ec6501a5a6c86ff7a640bf0d0ab2740e88412cb81c873c319141d72962eb0","current",""
"backrooms_20260630_t0004865900_w1024","backrooms_20260630","inputs/2026-06-30 00-23-03.mp4","3799793770","1783226578494110600","60.000000","4865.900","4865.900","291954","1024","source_frame","exact_frame","","","","outputs/06_analysis/source_assets/backrooms_20260630/frames/src_t0004865900_f000291954_w1024.jpg","abe20ed37b3dd25d5ba6e6f24a8ccdb94dd714d93fd1bcffb8b51b1ac5fd627e","current",""
"backrooms_20260630_t0004867300_w1024","backrooms_20260630","inputs/2026-06-30 00-23-03.mp4","3799793770","1783226578494110600","60.000000","4867.300","4867.300","292038","1024","source_frame","exact_frame","","","","outputs/06_analysis/source_assets/backrooms_20260630/frames/src_t0004867300_f000292038_w1024.jpg","4ae45dea17726b5956c2afd1130b570ebc979b6df8b0557b7414d41303590cbf","current",""
"backrooms_20260630_t0004873900_w1024","backrooms_20260630","inputs/2026-06-30 00-23-03.mp4","3799793770","1783226578494110600","60.000000","4873.900","4873.900","292434","1024","source_frame","exact_frame","","","","outputs/06_analysis/source_assets/backrooms_20260630/frames/src_t0004873900_f000292434_w1024.jpg","68fa2bd4841e04bba0112d997209877d31367ce59e9896b0d66365c7d7c71aed","current",""
"backrooms_20260630_t0004914100_w1024","backrooms_20260630","inputs/2026-06-30 00-23-03.mp4","3799793770","1783226578494110600","60.000000","4914.100","4914.100","294846","1024","source_frame","exact_frame","","","","outputs/06_analysis/source_assets/backrooms_20260630/frames/src_t0004914100_f000294846_w1024.jpg","424ffd805aa2f4ed1bc0332ef27fa291dd1975968b17d319f604e08cecaf1c4a","current",""
"backrooms_20260630_t0004915900_w1024","backrooms_20260630","inputs/2026-06-30 00-23-03.mp4","3799793770","1783226578494110600","60.000000","4915.900","4915.900","294954","1024","source_frame","exact_frame","","","","outputs/06_analysis/source_assets/backrooms_20260630/frames/src_t0004915900_f000294954_w1024.jpg","90e5fd7f5f0e7fe52989599c54db6e61cdb058890b0774c165e65254399e4f51","current",""
"backrooms_20260630_t0004920400_w1024","backrooms_20260630","inputs/2026-06-30 00-23-03.mp4","3799793770","1783226578494110600","60.000000","4920.400","4920.400","295224","1024","source_frame","exact_frame","","","","outputs/06_analysis/source_assets/backrooms_20260630/frames/src_t0004920400_f000295224_w1024.jpg","db0ebf926b085a3235f1923e272e975eea60289ce12002822bbd8d498c3619bf","current",""
"backrooms_20260630_t0004921900_w1024","backrooms_20260630","inputs/2026-06-30 00-23-03.mp4","3799793770","1783226578494110600","60.000000","4921.900","4921.900","295314","1024","source_frame","exact_frame","","","","outputs/06_analysis/source_assets/backrooms_20260630/frames/src_t0004921900_f000295314_w1024.jpg","a70ad325410f366c9f90f1764ce7997c1fb712e52f0c842174cbd69f7215f641","current",""
"backrooms_20260630_t0004922500_w1024","backrooms_20260630","inputs/2026-06-30 00-23-03.mp4","3799793770","1783226578494110600","60.000000","4922.500","4922.500","295350","1024","source_frame","exact_frame","","","","outputs/06_analysis/source_assets/backrooms_20260630/frames/src_t0004922500_f000295350_w1024.jpg","a70ad325410f366c9f90f1764ce7997c1fb712e52f0c842174cbd69f7215f641","current",""
"backrooms_20260630_t0004923900_w1024","backrooms_20260630","inputs/2026-06-30 00-23-03.mp4","3799793770","1783226578494110600","60.000000","4923.900","4923.900","295434","1024","source_frame","exact_frame","","","","outputs/06_analysis/source_assets/backrooms_20260630/frames/src_t0004923900_f000295434_w1024.jpg","a70ad325410f366c9f90f1764ce7997c1fb712e52f0c842174cbd69f7215f641","current",""
"backrooms_20260630_t0004924000_w1024","backrooms_20260630","inputs/2026-06-30 00-23-03.mp4","3799793770","1783226578494110600","60.000000","4924.000","4924.000","295440","1024","source_frame","exact_frame","","","","outputs/06_analysis/source_assets/backrooms_20260630/frames/src_t0004924000_f000295440_w1024.jpg","a70ad325410f366c9f90f1764ce7997c1fb712e52f0c842174cbd69f7215f641","current",""
"backrooms_20260630_t0000322500_w1024","backrooms_20260630","inputs/2026-06-30 00-23-03.mp4","3799793770","1783226578494110600","60.000000","322.500","322.500","19350","1024","source_frame","exact_frame","","","","outputs/06_analysis/source_assets/backrooms_20260630/frames/src_t0000322500_f000019350_w1024.jpg","bec429cf789a6f906f962402b3b2f2136923495813090c9c7a7d46684aa70263","current",""
"backrooms_20260630_t0000324100_w1024","backrooms_20260630","inputs/2026-06-30 00-23-03.mp4","3799793770","1783226578494110600","60.000000","324.100","324.100","19446","1024","source_frame","exact_frame","","","","outputs/06_analysis/source_assets/backrooms_20260630/frames/src_t0000324100_f000019446_w1024.jpg","ffac72bfb9c69b5f5cf1cabea2af95078ce7c03a91de51bf32b41656ae82d57b","current",""
"backrooms_20260630_t0000337500_w1024","backrooms_20260630","inputs/2026-06-30 00-23-03.mp4","3799793770","1783226578494110600","60.000000","337.500","337.500","20250","1024","source_frame","exact_frame","","","","outputs/06_analysis/source_assets/backrooms_20260630/frames/src_t0000337500_f000020250_w1024.jpg","ac328c3c0e9caa690e6f0e4cb586dffbe4febf67a0db1dd9e7d9199ef69adb06","current",""
"backrooms_20260630_t0000341000_w1024","backrooms_20260630","inputs/2026-06-30 00-23-03.mp4","3799793770","1783226578494110600","60.000000","341.000","341.000","20460","1024","source_frame","exact_frame","","","","outputs/06_analysis/source_assets/backrooms_20260630/frames/src_t0000341000_f000020460_w1024.jpg","02ea447d18ba1d563d4fa41da81f9b86fe55639c0e5f4a138ad3bae5f4a66e54","current",""
"backrooms_20260630_t0000343400_w1024","backrooms_20260630","inputs/2026-06-30 00-23-03.mp4","3799793770","1783226578494110600","60.000000","343.400","343.400","20604","1024","source_frame","exact_frame","","","","outputs/06_analysis/source_assets/backrooms_20260630/frames/src_t0000343400_f000020604_w1024.jpg","0370fbc284ebd3167adab29fc1f456b546d9a325c9f66be117b5e08a3d4d8349","current",""
"backrooms_20260630_t0000347500_w1024","backrooms_20260630","inputs/2026-06-30 00-23-03.mp4","3799793770","1783226578494110600","60.000000","347.500","347.500","20850","1024","source_frame","exact_frame","","","","outputs/06_analysis/source_assets/backrooms_20260630/frames/src_t0000347500_f000020850_w1024.jpg","9d2801c4eda503afe8be5e9570c24caaf3ffa2517fcdf276bdd066bf06d1b984","current",""
"backrooms_20260630_t0004874000_w1024","backrooms_20260630","inputs/2026-06-30 00-23-03.mp4","3799793770","1783226578494110600","60.000000","4874.000","4874.000","292440","1024","source_frame","exact_frame","","","","outputs/06_analysis/source_assets/backrooms_20260630/frames/src_t0004874000_f000292440_w1024.jpg","ee753c86dffe2d7d2612def1fd5890507bb5a37b9d41ce03d4d9007ba8138605","current",""
"backrooms_20260630_t0004876000_w1024","backrooms_20260630","inputs/2026-06-30 00-23-03.mp4","3799793770","1783226578494110600","60.000000","4876.000","4876.000","292560","1024","source_frame","exact_frame","","","","outputs/06_analysis/source_assets/backrooms_20260630/frames/src_t0004876000_f000292560_w1024.jpg","62d5107ced1388a22f753e5a6b1e3a43ea97e591e4a7a9ee0db09137f7bb217f","current",""
"backrooms_20260630_t0004878800_w1024","backrooms_20260630","inputs/2026-06-30 00-23-03.mp4","3799793770","1783226578494110600","60.000000","4878.800","4878.800","292728","1024","source_frame","exact_frame","","","","outputs/06_analysis/source_assets/backrooms_20260630/frames/src_t0004878800_f000292728_w1024.jpg","4fa7ce31a6fa86860f84d231568e676cb3718ac80d9be13bce813cf8ab32f04c","current",""
"backrooms_20260630_t0002338700_w1024","backrooms_20260630","inputs/2026-06-30 00-23-03.mp4","3799793770","1783226578494110600","60.000000","2338.700","2338.700","140322","1024","source_frame","exact_frame","","","","outputs/06_analysis/source_assets/backrooms_20260630/frames/src_t0002338700_f000140322_w1024.jpg","4c55f847b775cbf424a59e15f67e3952ad23071a4a31ea9e11f1474bc4bad513","current",""
"backrooms_20260630_t0003513940_w1024","backrooms_20260630","inputs/2026-06-30 00-23-03.mp4","3799793770","1783226578494110600","60.000000","3513.940","3513.940","210836","1024","source_frame","exact_frame","","","","outputs/06_analysis/source_assets/backrooms_20260630/frames/src_t0003513940_f000210836_w1024.jpg","d895cc36b7e8d3be66dd042b3196def7c3a5d29b8094bd0799d92772633da2fb","current",""
"backrooms_20260630_t0003523700_w1024","backrooms_20260630","inputs/2026-06-30 00-23-03.mp4","3799793770","1783226578494110600","60.000000","3523.700","3523.700","211422","1024","source_frame","exact_frame","","","","outputs/06_analysis/source_assets/backrooms_20260630/frames/src_t0003523700_f000211422_w1024.jpg","7869a07b373a500d1830c602c23bab4b68eadb21efe104e82a2983d2892ba466","current",""
"backrooms_20260630_t0004879250_w1024","backrooms_20260630","inputs/2026-06-30 00-23-03.mp4","3799793770","1783226578494110600","60.000000","4879.250","4879.250","292755","1024","source_frame","exact_frame","","","","outputs/06_analysis/source_assets/backrooms_20260630/frames/src_t0004879250_f000292755_w1024.jpg","a465c30d1b01ab65031abd4fef3b5994e69eb569bb11b1e0605045d0100b691c","current",""
"backrooms_20260630_t0002332000_w1024","backrooms_20260630","inputs/2026-06-30 00-23-03.mp4","3799793770","1783226578494110600","60.000000","2332.000","2332.000","139920","1024","source_frame","exact_frame","","","","outputs/06_analysis/source_assets/backrooms_20260630/frames/src_t0002332000_f000139920_w1024.jpg","0c0c42c1a0b7e5346394140e024f4ee5002e5d887f0f2dd0e130a9699ac85130","current",""
"backrooms_20260630_t0002332500_w1024","backrooms_20260630","inputs/2026-06-30 00-23-03.mp4","3799793770","1783226578494110600","60.000000","2332.500","2332.500","139950","1024","source_frame","exact_frame","","","","outputs/06_analysis/source_assets/backrooms_20260630/frames/src_t0002332500_f000139950_w1024.jpg","a885b55e5e7df1520fbfb1332fddac9aa9317439e894b16743dfc35d758ab32c","current",""
"backrooms_20260630_t0002333000_w1024","backrooms_20260630","inputs/2026-06-30 00-23-03.mp4","3799793770","1783226578494110600","60.000000","2333.000","2333.000","139980","1024","source_frame","exact_frame","","","","outputs/06_analysis/source_assets/backrooms_20260630/frames/src_t0002333000_f000139980_w1024.jpg","4e0a19bda1b7ced96de1ac6f6012b7d5f7eb6da72c3aec47bc67b322dc777ae5","current",""
"backrooms_20260630_t0002333500_w1024","backrooms_20260630","inputs/2026-06-30 00-23-03.mp4","3799793770","1783226578494110600","60.000000","2333.500","2333.500","140010","1024","source_frame","exact_frame","","","","outputs/06_analysis/source_assets/backrooms_20260630/frames/src_t0002333500_f000140010_w1024.jpg","91793119f2be214d70aa4c3506910cb2e88828303a32f6d5bcb40492430099c7","current",""
"backrooms_20260630_t0002334000_w1024","backrooms_20260630","inputs/2026-06-30 00-23-03.mp4","3799793770","1783226578494110600","60.000000","2334.000","2334.000","140040","1024","source_frame","exact_frame","","","","outputs/06_analysis/source_assets/backrooms_20260630/frames/src_t0002334000_f000140040_w1024.jpg","aeb5c3c901bc0553bf9a78da7c2c65dc965dc0c7c8f43ba6ea39a2d4d9e59f03","current",""
"backrooms_20260630_t0002334500_w1024","backrooms_20260630","inputs/2026-06-30 00-23-03.mp4","3799793770","1783226578494110600","60.000000","2334.500","2334.500","140070","1024","source_frame","exact_frame","","","","outputs/06_analysis/source_assets/backrooms_20260630/frames/src_t0002334500_f000140070_w1024.jpg","a96309bb1a96bc523251f2741d67d7dbf15e0590a8e8798920b2a16bd5f15a80","current",""
"backrooms_20260630_t0002335000_w1024","backrooms_20260630","inputs/2026-06-30 00-23-03.mp4","3799793770","1783226578494110600","60.000000","2335.000","2335.000","140100","1024","source_frame","exact_frame","","","","outputs/06_analysis/source_assets/backrooms_20260630/frames/src_t0002335000_f000140100_w1024.jpg","133c47183e6502f3926560d00560d474f19daf058cb79a8f41d867ae39b873ed","current",""
"backrooms_20260630_t0002335500_w1024","backrooms_20260630","inputs/2026-06-30 00-23-03.mp4","3799793770","1783226578494110600","60.000000","2335.500","2335.500","140130","1024","source_frame","exact_frame","","","","outputs/06_analysis/source_assets/backrooms_20260630/frames/src_t0002335500_f000140130_w1024.jpg","84696777066b1b16d7ce05e7ee2aa57ef8f56f67c6a6631c8def6f6863bcd85d","current",""
"backrooms_20260630_t0002336000_w1024","backrooms_20260630","inputs/2026-06-30 00-23-03.mp4","3799793770","1783226578494110600","60.000000","2336.000","2336.000","140160","1024","source_frame","exact_frame","","","","outputs/06_analysis/source_assets/backrooms_20260630/frames/src_t0002336000_f000140160_w1024.jpg","4edacdca1434d10a79c2cae88d9897a318d797090c4efbd9b39725ddefb26371","current",""
