cue,start_sec,end_sec,dur_sec,vad3_speech_ratio,vad1_speech_ratio,onset_delta_sec,timecode_confidence,flags,text_head
1,7.66,15.66,8.0,0.015,0.248,-1.36,낮음,8s_padding;onset_off;no_speech_detected,유튜브 영상 녹화도 켰구요
2,15.91,17.44,1.53,1.0,1.0,-0.37,높음,,어떻게 시작을 해볼까 잠시만요
3,34.5,42.53,8.03,0.78,0.884,0.03,높음,8s_padding,반갑습니다 김실버 입니다 오늘 해볼 게임은 내가 최근에 이 영화 백룸에
4,42.53,53.24,10.71,0.676,0.726,1.06,중간,overlong;onset_off,이 영화 백룸을 시청을 하고 왔어요 그래서 이 백룸이 원래 게임이 먼저
5,53.39,60.68,7.29,0.626,0.687,-0.14,중간,,약간 원작이라고 해야 될까요 원작이 되는 게임이 있더라구요
6,61.92,73.6,11.68,0.682,0.764,-1.44,중간,overlong;onset_off,사실 영화 백룸의 원작은 유튜브에서 시작했던 시리즈인 것 같지만 백룸이라
7,75.31,88.24,12.93,0.649,0.732,-1.84,중간,overlong;onset_off,백룸이라는 리미널 스페이스에 대한 공간에 대한 궁금증이 조금 생겼습니다
8,92.72,115.76,23.04,0.385,0.48,3.1,중간,overlong;onset_off,게임을 한번 해보려고 가져와 봤습니다 잠시만요 그래서 이제 어두운 방에서
9,117.42,125.32,7.9,0.442,0.708,1.29,중간,8s_padding;onset_off,최대한 주변을 어둡게 해두고 게임을 진행해 보려고 합니다
10,126.88,134.88,8.0,0.0,0.184,-1.6,낮음,8s_padding;onset_off;no_speech_detected,한번 해볼게요
11,152.96,165.16,12.2,0.362,0.394,6.7,중간,overlong;onset_off,봅시다 어 잠깐만 아 시작부터 잘못됐네
12,171.68,192.4,20.72,0.676,0.783,-1.58,중간,overlong;onset_off,헤드셋으로 듣고 있었어야 했는데 이 정도면 될 것 같죠 사운드 너무 크면
13,192.4,196.68,4.28,0.628,1.0,2.51,중간,onset_off,나 되게 무서운 문구를 본 것 같아 아 이거 사운드 왜 이래
14,196.78,204.56,7.78,0.262,0.496,0.05,낮음,no_speech_detected,잠깐만 사운드 너무 무섭잖아
15,207.48,215.48,8.0,0.0,0.366,-2.85,낮음,8s_padding;onset_off;no_speech_detected,아 내가 듣는 소리를 줄여야겠구나
16,221.28,238.68,17.4,0.176,0.647,-5.7,중간,overlong;onset_off,어 개무서워 아 사운드 괜찮나요 보고계시는 분 혹시 없나요
17,238.78,258.12,19.34,0.349,0.612,-0.07,중간,overlong,일단은 플레이 해볼게요 플레이하기 참여하기 캐릭터 선택
18,258.22,260.96,2.74,0.646,0.836,0.02,중간,,방랑자 라는게 있네요
19,261.06,273.12,12.06,0.428,0.614,0.06,중간,overlong,방랑자는 뭐지 아 귀여운 것도 있네 은근 이게 고인물이 되면 점점 귀여워
20,273.32,278.8,5.48,0.347,0.852,-0.11,중간,,일단은 플레이 해보겠습니다
21,278.95,283.6,4.65,0.398,1.0,-0.04,중간,,이야기 모드 비공개 한명
22,283.84,298.08,14.24,0.726,0.941,-0.13,중간,overlong,이거 한명 선택해놨는데 누가 들어오면 개무섭겠다 크로스 네트워크 플레이가
23,298.23,300.0,1.77,0.458,1.0,-0.03,중간,,무슨 소리세요
24,300.1,309.36,9.26,0.431,1.0,0.02,중간,,저는 한명을 선택해놨는데요 누가 들어올 수도 있는건가 개무섭네
25,309.46,314.84,5.38,0.104,1.0,-0.01,중간,,쉬움
26,314.94,347.6,32.66,0.352,0.648,-0.0,중간,overlong,김실버 이게 난입을 할 수 있나봐요 원래는 오 미친 오 와 이거 그거 영
27,347.65,365.08,17.43,0.322,0.616,0.05,중간,overlong,오씨 에어컨 꺼야 되나 여기 박살 돋는 것 같아 지금 뭐에요 아 괴물이
28,365.48,378.24,12.76,0.318,0.356,-0.32,중간,overlong,야 여기서 그냥 눈을 뜬다고 아니 길을 모르던데 엑시트가 조금만
29,378.24,391.6,13.36,0.606,0.705,0.06,중간,overlong,that thing doesn't want us to escape 우리가
30,391.65,400.52,8.87,0.497,0.541,0.06,중간,,어디로 뭔가 출구로 나가면 된다 이런 얘기 같은데 잠깐만 이거 근데 마우
31,400.67,403.8,3.13,0.185,0.224,-0.02,낮음,no_speech_detected,느리다
32,408.84,432.92,24.08,0.294,0.4,-4.95,낮음,overlong;onset_off;no_speech_detected,암도가 느린건가 아니 이 사운드 뭐야 전자레인지 돌아가는 것 같은 사운드
33,432.97,448.32,15.35,0.439,0.494,-1.48,중간,overlong;onset_off,어 나 무서워 와 야 근데 소름 돋는다 이 커다란 공간에 아무도 없다는
34,448.57,465.92,17.35,0.273,0.512,-0.13,중간,overlong,눈으로 보고 있으니까 게임 사운드가 안들려요 잠깐만요 게임 사운드 올리면
35,466.02,485.56,19.54,0.312,0.562,-0.0,중간,overlong,들리세요 근데 이러면 너무 크게 들어갈 수도 있어요 뭔가 괴물이 꼬리 지
36,485.61,506.28,20.67,0.376,0.55,0.06,중간,overlong,달려가는 것도 있는 것 같고 키를 한번 잠깐 볼까 앉기 달리기 쉬프트 Q
37,506.38,508.0,1.62,0.407,0.481,0.08,중간,,1 2 3
38,508.05,510.2,2.15,0.167,0.307,-0.0,낮음,no_speech_detected,1 2 3
39,513.36,521.36,8.0,0.0,0.03,-3.0,낮음,8s_padding;onset_off;no_speech_detected,쉬프트
40,521.51,525.28,3.77,0.469,0.517,0.04,중간,,이놈이 탈출을 막고 있음
41,525.43,531.2,5.77,0.134,0.159,-0.07,낮음,no_speech_detected,이놈이 뭔데요
42,531.3,544.2,12.9,0.398,0.605,0.06,중간,overlong,어 나 격투 한쪽 끝대로 다닐래 그러면 최소한 등뒤는 안 봐도 되잖아 벽
43,544.3,552.44,8.14,0.387,0.509,0.05,중간,8s_padding,나 이거 못할 것 같은데 얘 무서워 뭐 소리 나지 않았어요 방금
44,553.0,564.72,11.72,0.195,0.209,-0.43,낮음,overlong;no_speech_detected,아닌가 아니 1층에서는 뭐 아무것도 안 나와야 되는 거 아니야
45,565.88,573.88,8.0,0.079,0.094,-1.01,낮음,8s_padding;onset_off;no_speech_detected,뭐야
46,574.03,579.32,5.29,0.249,0.278,0.05,낮음,no_speech_detected,아 뭐 소리 들리는 것 같애
47,579.42,598.32,18.9,0.265,0.305,0.06,낮음,overlong;no_speech_detected,아니 으어 하는 소리 들리는 것 같지 않아요 벨마리님 안녕하세요 어 뭐야
48,598.42,605.92,7.5,0.448,0.544,0.05,중간,,원래 공간도 다 보지 못했는데 저 원래 공간에 먼저 한번 다 돌겠습니다
49,606.12,612.12,6.0,0.245,0.305,-0.03,낮음,no_speech_detected,기침 소리가 났는데 아닌가
50,612.27,624.36,12.09,0.154,0.261,0.03,낮음,overlong;no_speech_detected,아 개 무서워 어 누가 똑똑거렸어요
51,624.48,634.56,10.08,0.688,0.795,0.06,중간,overlong,누가 똑똑거렸어요 누가 똑똑거렸어 저만 들었어요
52,639.55,646.8,7.25,0.041,0.062,0.08,낮음,no_speech_detected,살려줘
53,646.95,653.6,6.65,0.469,0.51,0.06,중간,,야 뭐야 아 나 잠깐만 나 닭살 뜯었어 지금
54,653.75,659.92,6.17,0.506,0.605,0.04,중간,,나 저런 애랑 이제 숨바꼭질 하면서 여기를 깨야 되는 거예요
55,660.07,667.44,7.37,0.741,0.76,0.02,높음,,저게 약간 귀신 귀신이라고 하기엔 좀 애매하고 귀신 비슷한 거긴 해요
56,667.59,672.16,4.57,0.722,0.84,0.06,높음,,그 뭐지 제가 이번에 영화 백룸을 보고 왔거든요
57,672.31,677.52,5.21,0.524,0.678,0.02,중간,,이것도 백룸에서 탈출하는 게임인데
58,677.64,688.16,10.52,0.385,0.499,0.06,중간,overlong,이 백룸 안에 있는 엔티티라는 존재입니다 아씨
59,688.36,690.44,2.08,0.476,0.519,0.02,중간,,아씨 개무섭네
60,690.59,696.4,5.81,0.176,0.208,0.1,낮음,no_speech_detected,아 근데 사다리가 어딨지
61,696.57,698.8,2.23,0.566,0.794,0.06,중간,,아 나를 보고 따라온 건 아니겠지
62,698.95,702.28,3.33,0.396,0.495,0.05,중간,,야 나 뭐야 어두워
63,702.43,707.2,4.77,0.151,0.187,0.08,낮음,no_speech_detected,라이드도 없어
64,707.35,713.96,6.61,0.431,0.495,0.05,중간,,아 이건 뭐야 아씨 나 내 그림자 보고 오싹했네 지금
65,714.11,723.32,9.21,0.202,0.265,0.01,낮음,no_speech_detected,이건 뭐예요 열쇠 뭐야 열쇠도 있어
66,723.47,727.16,3.69,0.358,0.409,0.04,중간,,어 신분증을 봤는데
67,727.53,733.32,5.79,0.689,0.865,-0.18,중간,,나 너무 무서운데 이거 스테이지 1에서 그냥 끝낼 것 같은데요 저
68,733.62,736.32,2.7,0.1,0.156,0.03,낮음,no_speech_detected,어떡하죠
69,736.42,746.48,10.06,0.561,0.602,0.08,중간,overlong,아 근데 갑자기 핸드폰에 왜 불이 들어오냐 핸드폰이 왜 갑자기 켜지냐 켜
70,746.58,754.48,7.9,0.786,0.958,-0.03,높음,8s_padding,거야 아 나 무섭네 나 무섭네 공기계가 제가 책상 안쪽에 공기가 있는데
71,754.72,774.0,19.28,0.284,0.395,-0.13,낮음,overlong;no_speech_detected,화면이 막 하얘지면서 화면이 들어왔어요 아 근데 이 소리 좀 어떻게 안
72,774.22,782.11,7.88,0.357,0.758,-0.1,중간,8s_padding,그리고 다른 공간에 한번 찾으러 가봅시다 저쪽 공간에는 아무.
73,782.16,781.44,-0.72,0.0,0.0,-0.66,낮음,broken_duration;no_speech_detected,.
74,781.49,787.88,6.39,0.549,0.588,0.01,중간,,아씨 왜 이렇게 달리기 왜 이렇게 빨라 아니 달리기 왜 이렇게 짧아
75,788.13,806.52,18.39,0.254,0.318,-0.12,낮음,overlong;no_speech_detected,무섭네 괴물도 막 움직이고 다니는 거 아니겠지 아니 여기에 사다리가 어딨
76,806.57,825.44,18.87,0.352,0.441,0.49,중간,overlong,라이트는 줘야지 너무한 거 아니야 손전등이라도 줘야죠 이거 손전등 아이템
77,829.32,837.32,8.0,0.0,0.0,-3.99,낮음,8s_padding;onset_off;no_speech_detected,아무것도 없네 먹어야 되는 거네
78,846.23,860.45,14.22,0.561,0.762,-0.11,중간,overlong,어 문이다 어 나 소리 질렀어 너무 찐텐으로 아 이렇게 되는구만 이제 적
79,860.45,871.88,11.43,0.604,0.871,1.3,중간,overlong;onset_off,적응했습니다 별거 아니네 뭐 게임 다시 하면 되는거지 개쫄았네 고무줄이요
80,880.04,900.8,20.76,0.213,0.364,-2.51,낮음,overlong;onset_off;no_speech_detected,저 사실 개쫄아가지고 제대로 보지도 못했어요 그냥 뛰는 건 좀 아껴놔야
81,900.8,915.2,14.4,0.39,0.496,-0.05,중간,overlong,사다리가 어딨는거야 아니 이게 맵이 다 똑같이 생겨가지고 뭐가 뭔지 구분
82,915.2,921.28,6.08,0.684,0.837,-0.02,중간,,와 개 무섭다 근데 진짜 와 자고 일어났는데 이런 데서 깨어나면 어떤 기
83,921.77,936.96,15.19,0.155,0.269,-0.83,낮음,overlong;no_speech_detected,어 사다리다 어 사다리 사다리 일단 구석에 들어가서
84,937.11,941.88,4.77,0.428,0.522,-0.06,중간,,인벤토리를 열어서 어 사다리 먹었잖아요
85,948.22,955.02,6.8,0.004,0.053,-2.74,낮음,onset_off;no_speech_detected,사다리 어딨어요 어디갔지
86,955.19,966.2,11.01,0.292,0.49,-0.2,낮음,overlong;no_speech_detected,아니 사다리 먹었는데 잠깐만 근데 사다리 어디갔어 인벤토리 아이 1 2
87,971.0,978.4,7.4,0.216,0.25,0.04,낮음,no_speech_detected,몰라 일단 해봐 사다리 저 두개가 끝인가
88,978.55,990.32,11.77,0.488,0.551,-0.25,중간,overlong,어디로 가야되는거야 아마 제 생각에는 맵은 고정일 것 같고 괴물이랑 저의
89,990.72,998.72,8.0,0.393,0.52,-2.82,중간,8s_padding;onset_off,지정되는 시기일 것 같아요 안 그러면 너무 공약이라는게 생길
90,999.14,1009.32,10.18,0.54,0.764,0.79,중간,overlong,수 있고 좀 지루해질 수 있어서 한번 해봤던 사람도 재미가 있으려면 어느
91,1015.5,1028.8,13.3,0.348,0.553,0.03,중간,overlong,아 무서워요 이걸로 여는거 아니에요 이거 뭘로 열어요 못 여는건가봐 열쇠
92,1035.7,1042.6,6.9,0.206,0.239,0.08,낮음,no_speech_detected,아씨 아 공포게임 하는 느낌인데 지금
93,1042.72,1059.88,17.16,0.439,0.528,-0.22,중간,overlong,아니 괴물 숨소리 같은거라도 좀 내주면 안되나 그러면 보지 않고 그냥 멀
94,1060.03,1071.8,11.77,0.684,0.814,-0.22,중간,overlong,나는 클락이다 쟤는 나를 죽이지 않을거야 나는 클락이야 어디까지 돌아다녀
95,1084.52,1092.52,8.0,0.005,0.178,-6.38,낮음,8s_padding;onset_off;no_speech_detected,무서워죽겠는데 아 이거 너무 쫄린다 아 닭살 돋아요 지금
96,1093.53,1101.38,7.85,0.236,0.404,-1.05,낮음,onset_off;no_speech_detected,전자레인지 소리만 어떻게 안되나 아 나 이런 소리 좀 안났으면 좋겠어
97,1102.68,1107.8,5.12,0.59,0.9,0.06,중간,,안녕하세요 실바님 반갑습니다 아니 방금 문 두드리는 소리만
98,1127.16,1135.16,8.0,0.349,0.81,3.06,중간,8s_padding;onset_off,오오오오오오오오오오오오오오오오오오오
99,1146.66,1154.66,8.0,0.514,0.671,-1.95,중간,8s_padding;onset_off,하 하 하 하 하 하 하 하 하 하 하 하 하 하 하 하 하 하 하 하
100,1158.54,1165.94,7.4,0.777,0.814,0.06,높음,,하 하 하 하 하 하 하 하 하 하 하 하 하 와 이게 영화라서 내가 평
101,1167.3,1175.3,8.0,0.576,0.734,1.56,중간,8s_padding;onset_off,이 세계 안에 들어오면 절대 평온할 수가 없네요 와 근데 소리지르고 달려
102,1181.61,1192.64,11.03,0.441,0.696,0.0,중간,overlong,것밖에 없는데 또 개무섭네 어디있지 지금 아 씨 어 스패님 반갑습니다 아
103,1195.07,1207.16,12.09,0.5,0.676,-0.47,중간,overlong,아 씨 열쇠 아닌데 아까 사다리를 사다리를 사다리를 만들어야 된다 그랬는
104,1208.44,1220.22,11.78,0.609,0.806,0.02,중간,overlong,와 근데 소름돋잖아 이 여름 이 저녁에 어 여기있다 아 사다리 세번째 사
105,1223.99,1234.9,10.91,0.371,0.51,2.2,중간,overlong;onset_off,이거 뭐야 끝이야 어 와 열쇠다 아 이제 문으로 가야되는거야 아 오케이
106,1235.0,1245.15,10.15,0.709,0.807,0.01,중간,overlong,하 하 아니 혼자 하니까 아 밤에 저 지금 불 꺼 놓고 있거든요 제 방에
107,1245.15,1254.34,9.19,0.454,0.764,0.96,중간,,꺼먹게 해놓고 혼자 하고 있는데 개무섭습니다 여러분 채팅 좀 많이 쳐주세
108,1254.39,1260.62,6.23,0.915,0.995,0.06,높음,,아니 나 영화 뺏는 보고 어 뭐야 저거 뭐 리미널 스페이스 뭐 별거 아니
109,1260.87,1267.22,6.35,0.581,0.773,-0.09,중간,,아 씨 간도 크게 아 씨 뺏는 게임 해봐야지 벌써 시작했는데
110,1267.38,1275.38,8.0,0.705,0.929,-0.03,높음,8s_padding,나 이렇게 무서운건지 몰랐어 잠깐만 흐흐흐흐흐 나 개쫄려
111,1280.07,1293.62,13.55,0.653,0.967,1.08,중간,overlong;onset_off,문 어딨어 문 어딨어 제가 마우스 떨리는거 보이세요 나 죽겠네 지금 진짜
112,1293.72,1310.46,16.74,0.468,0.772,0.03,중간,overlong,하 어 여기 아까 첫번째 시작했던데 나 그죠 어 이제 약간 방구조가 약간
113,1312.58,1316.34,3.76,0.37,0.545,-0.05,중간,,아니야 아는 아 이쪽이었던 것 같은데
114,1321.23,1327.82,6.59,0.46,0.528,0.06,중간,,엥? 이게 어디야? 어 아 이거 종이가 여기저기 붙어 있구나
115,1329.37,1332.22,2.85,0.8,0.982,0.08,높음,,아 이게 이 백룸이 헷갈리는게 이런거에요
116,1332.5,1346.02,13.52,0.691,0.802,-0.2,중간,overlong,비슷한 구조들이 종종 있어서 그 방향감각이나 공간감각 같은걸 좀 으으으으
117,1348.63,1352.54,3.91,0.606,1.0,0.02,중간,,아 다 구했는데 열쇠 구했는데
118,1352.69,1364.16,11.47,0.456,0.767,-0.05,중간,overlong,하 잠깐만 열쇠 없어졌겠지 아 씨 아 이제 적응했어 아 적응했습니다
119,1364.23,1374.62,10.38,0.477,0.728,0.04,중간,overlong,저 맨 처음에 저 괴물 만났을때 소리지르면서 도망갔거든요 이제 차분하게
120,1376.07,1383.17,7.1,0.696,0.907,0.06,중간,,제 스스로에게 마법의 주문을 걸면서 차분하게 한 번 깨보겠습니다 차분하게
121,1385.02,1390.34,5.32,0.393,1.0,-0.88,중간,,꿀지마 어차피 상대방은 게임속 NPC일 뿐이야 꿀지마 현실을 찾았게
122,1397.47,1412.02,14.55,0.565,0.697,0.08,중간,overlong,발견만 빨리하고 아 근데 나 아까 방향을 왜 잘못 도망갔지 바로 뒤도 도
123,1413.74,1418.82,5.08,0.614,0.626,0.1,중간,,그럼 열쇠도 내가 들고 있단 소리야? 근데 인벤톨이 없는데 열쇠가
124,1419.24,1424.82,5.58,0.656,0.763,-0.33,중간,,이건 좀 불편하네 이 게임이 어디까지 진행됐는지를 내가 알 수가 없네요
125,1425.0,1432.9,7.9,0.558,0.699,0.06,중간,8s_padding,일단은 그래도 그 진행한거는 유지를 해주나봐요 이제 그 문만 찾으면 되겠
126,1434.2,1440.22,6.02,0.42,0.914,-0.02,중간,,김시복 쏠지마 쏠지마 NPC야 어?
127,1446.64,1451.9,5.26,0.154,0.437,0.05,낮음,no_speech_detected,나 무서운거 어떡해 무서운건 무서운거지
128,1454.03,1470.33,16.3,0.502,0.664,0.04,중간,overlong,내가 개발자라면 여기까지 진행된 사람이 있잖아요 그러면 그 사람한테는 마
129,1471.58,1476.54,4.96,0.449,0.661,-0.47,중간,,나 안열었는데? 아 열쇠를 먹어서 얘가 열려있는거야?
130,1477.98,1486.9,8.92,0.336,0.511,0.09,중간,,어? 뭐야 어 뭐야 어?
131,1488.5,1492.54,4.04,0.304,0.364,0.1,중간,,뭐 어떻게 하는거야 이거? 떨어졌어?
132,1492.64,1497.42,4.78,0.188,0.232,0.01,낮음,no_speech_detected,응? 이거 뭐에요?
133,1498.2,1502.66,4.46,0.155,0.249,0.03,낮음,no_speech_detected,뭐야 갑자기 여기서 어?
134,1502.71,1505.3,2.59,0.22,0.336,0.08,낮음,no_speech_detected,올라가야돼?
135,1506.25,1518.18,11.93,0.487,0.658,-0.79,중간,overlong,흐흐흐흐흐 흐흐흐 아 나 빨리 나가고 싶어 화살표 따라가면 되는거야?
136,1522.82,1525.62,2.8,0.218,0.486,-0.2,낮음,no_speech_detected,화살표 따라가면 되나?
137,1531.07,1536.42,5.35,0.678,0.858,0.04,중간,,아니 전자레인지 소리좀 어떻게 해주세요
138,1540.72,1544.34,3.62,0.398,0.478,0.02,중간,,아니 이 화살표 믿어도 되는거야 근데?
139,1550.99,1554.54,3.55,0.304,0.38,0.07,중간,,여긴 뭐야? 어 여긴가?
140,1557.04,1558.08,1.04,0.662,0.913,0.05,중간,,이거 뭐야?
141,1559.21,1575.6,16.39,0.436,0.635,1.93,중간,overlong;onset_off,어 계단 나왔다 여기 있진 않겠지? 아 소리 쏟으기나 소리 내지 마세요
142,1576.01,1579.86,3.85,0.436,0.678,-1.34,중간,onset_off,아무것도 없어? 저 원래 공폭게임 이런거 못해요
143,1580.26,1582.42,2.16,0.0,0.19,-2.65,낮음,onset_off;no_speech_detected,무서워서
144,1583.27,1590.87,7.6,0.316,0.482,0.07,중간,,어 라이트다 라이트 어떻게 쓰죠 라이트 이렇게?
145,1592.87,1597.95,5.09,0.16,0.619,-1.4,중간,onset_off,오케이 아 똑똑똑 하지 마세요 어?
146,1601.35,1604.56,3.21,0.63,0.807,0.62,중간,,깠다 아 뭐야 떨어져야 깨지는거야?
147,1604.61,1614.46,9.85,0.509,0.887,-0.15,중간,,0레벨이였어 심지어 와 1레벨도 아니고 0레벨이야 어떻게 튜토리얼을 이거
148,1614.75,1619.33,4.58,0.661,0.928,0.03,중간,,이렇게 가면? 다시 0으로 돌아가?
149,1619.38,1626.02,6.64,0.583,0.902,1.31,중간,onset_off,아 그러네 아 원래는 이렇게 위로 와도 되는거구나 이건 뭐야?
150,1626.07,1628.54,2.47,0.17,0.194,0.05,낮음,no_speech_detected,밧줄?
151,1628.66,1634.1,5.44,0.38,0.7,1.0,중간,,아? 이거 밧줄을 연결하면 여기서 밧줄을 내려줄수도 있나?
152,1634.67,1637.26,2.59,0.162,0.336,0.06,낮음,no_speech_detected,그런건가봐요
153,1639.92,1642.02,2.1,0.0,0.186,3.45,낮음,onset_off;no_speech_detected,오케이
154,1643.31,1647.74,4.43,0.512,0.993,0.06,중간,,아 무섭다 아우 턱살 돋았어
155,1648.34,1653.82,5.48,0.275,0.77,0.01,중간,,자 들어가 봅시다 여기는 뭔가요?
156,1658.71,1660.78,2.07,0.019,0.551,-0.91,중간,,어?
157,1666.16,1668.58,2.42,0.644,0.934,0.04,중간,,이거 뭔데?
158,1670.88,1677.58,6.7,0.443,0.875,-0.09,중간,,어 뭐야 열렸어 열렸어?
159,1679.32,1681.42,2.1,0.251,1.0,-0.1,중간,,뭔데?
160,1688.47,1692.06,3.59,0.309,0.808,0.05,중간,,어 이거 더럽다 거리는거 개무서워
161,1693.79,1697.66,3.87,0.553,0.654,-0.29,중간,,아 누구랑 같이 할걸 잠깐만 끝난거야?
162,1697.71,1699.74,2.03,0.753,0.975,0.05,높음,,뭐야?
163,1700.59,1712.34,11.75,0.594,0.913,-1.99,중간,overlong;onset_off,뭐야? 아 끝난건 아니고? 아몬드물을 통해 정신력을 회복할 수 있습니다
164,1713.35,1719.46,6.11,0.615,0.941,-0.14,중간,,아 뭐야 이거? 안무서워 안무서워 하나도 안무섭죠?
165,1719.71,1725.34,5.63,0.394,0.819,0.01,중간,,끼고 다녀야지? 안무섭지만 끼면 끼고 다녀야겠다
166,1732.12,1739.34,7.22,0.601,0.938,-0.85,중간,,어 잠깐만 심신의 안정을 찾자 야 시커먼 지하주차장 돌아다녀라니까 무섭네
167,1739.49,1741.58,2.09,0.13,1.0,-0.03,중간,,휴
168,1741.73,1745.74,4.01,0.838,1.0,0.01,높음,,무서워
169,1756.96,1761.74,4.78,0.657,1.0,0.02,중간,,이거 돌아다니면서 유튜브에서 본 것 같다 열쇠 찾는거
170,1765.11,1767.18,2.07,0.536,1.0,0.0,중간,,어 뭐야 열쇠
171,1768.08,1771.9,3.82,0.887,0.919,0.0,높음,,어 뭐야
172,1776.87,1782.18,5.31,0.746,0.932,0.06,높음,,아 생긴게 달라졌어 아 잠깐만
173,1793.23,1795.86,2.63,0.407,1.0,-2.41,중간,onset_off,무서워
174,1797.31,1809.7,12.39,0.721,0.942,-0.82,중간,overlong,저 한 시간만 하고 끌래요 이거 못하겠다 제가 못하겠어요 저 이거 한 시
175,1814.78,1822.78,8.0,0.695,0.869,-0.11,중간,8s_padding,근데 어쨌든 이게 아까 그 0번째 스테이지에서 했던걸 보면
176,1825.99,1831.95,5.96,0.497,0.919,-0.43,중간,,한 번 마셔봐도 뭐야 깡통을 던졌어?
177,1832.96,1834.3,1.34,0.0,1.0,-1.43,중간,onset_off,분방진 자식
178,1836.35,1846.58,10.23,0.516,0.885,0.07,중간,overlong,어쨌든 돌아다니면서 열쇠를 하나씩 먹고 하면 저장은 해 주는 것 같거든요
179,1846.58,1859.62,13.04,0.63,0.926,0.07,중간,overlong,그러니까 막 붙잡히고 하면서도 결국은 계속 돌아다니면서 이 맵에 익숙해지
180,1870.37,1877.06,6.69,0.86,0.892,0.04,높음,,근데 아까 그 아까 스테이지에서 막 전자레인지 소리 나던 그 소리는 안
181,1877.26,1884.86,7.6,0.65,1.0,1.79,중간,onset_off,여긴 또 여기대로 아 뭐가 자꾸 삐그덕거리는 소리가 나서 무서워
182,1885.6,1888.82,3.22,0.298,0.77,0.05,중간,,누가 삐그덕삐그덕거려요
183,1889.46,1891.94,2.48,0.0,0.29,-3.81,낮음,onset_off;no_speech_detected,개무섭네
184,1897.91,1910.1,12.19,0.244,0.724,0.07,중간,overlong,아 근데 후레쉬 어딨어 잠깐만 저깄다 저깄다 저거 잖아요 저거 그죠 어떻
185,1910.27,1912.74,2.47,0.206,0.534,0.07,중간,,어 일로 온다
186,1914.66,1920.34,5.68,0.29,0.926,0.09,중간,,아니 나 절로 간다 일로 가고 있어 난 반대로 가야지
187,1925.48,1935.9,10.42,0.625,1.0,0.01,중간,overlong,이게 뭐야 여기 아까 왔던 데 같은데 아 이거 왔던 데네 아무것도 없는데
188,1936.07,1938.86,2.79,0.293,0.659,-0.11,중간,,안되지 없지
189,1940.51,1948.95,8.44,0.668,0.957,0.01,중간,,쟤가 그 사무실 근처를 막 배회하고 돌아다니나 보다 쫙 끝에 있는데 지금
190,1949.56,1958.02,8.46,0.813,1.0,0.32,높음,,나 봤는데? 나한테 온다 나한테 온다 나한테 와 나한테 와
191,1960.55,1976.86,16.31,0.554,0.827,0.01,중간,overlong,나한테 오잖아 나한테 오잖아 나 놀랐나?
192,1986.39,1994.34,7.95,0.57,1.0,0.06,중간,8s_padding,아 저기있어 저기있어 저기있어 저기있어 저기있어 저기있어
193,1996.83,2002.34,5.51,0.354,0.724,0.03,중간,,아 저기있어 어떻게 해야되지 어떻게 해야되지
194,2008.28,2013.72,5.44,0.46,0.939,-0.2,중간,,여기 가야될 것 같은데 여기 아까 안간 것 같은데 여기 안왔죠?
195,2017.22,2021.03,3.8,0.951,1.003,0.19,높음,,이거 봐 아몬드 물도 있고 아 근데 후레쉬는 왜 없어졌냐?
196,2021.13,2030.94,9.81,0.468,0.67,2.01,중간,onset_off,후레쉬 안 눌러줘요 후레쉬 왜 안나와? 후레쉬 어딨어? 후레쉬 없어졌어
197,2031.04,2036.1,5.06,0.516,0.931,0.05,중간,,후레쉬 다시 먹어야 되나봐 아 그러네
198,2038.71,2041.62,2.91,0.35,1.0,0.03,중간,,바로 옆에 왔나봐요
199,2041.99,2044.58,2.59,0.309,0.873,-0.04,중간,,발소리인가봐
200,2048.56,2055.84,7.28,0.388,0.625,0.08,중간,,발소리인가봐 철푸덕 철푸덕 하는 이상한 소리 들었죠?
201,2055.95,2057.82,1.88,0.008,0.835,-1.1,중간,onset_off,저만 들은거 아니죠?
202,2058.72,2063.51,4.79,0.407,0.775,-0.0,중간,,쿱 오픈 어? 이게 출근가?
203,2063.56,2071.62,8.06,0.555,0.963,0.29,중간,8s_padding,아 여기가 출근가봐 열쇠를 찾아서 여기다 넣고 뭘 해야되나봐요
204,2072.64,2081.36,8.72,0.361,0.581,0.05,중간,,아 잠깐만 하나 둘 셋 넥애네 지나갔나?
205,2082.86,2084.5,1.64,0.28,0.817,-0.59,중간,,지나갔나?
206,2084.74,2087.7,2.96,0.821,1.0,0.05,높음,,아 나 봤어! 쟤가 나 봤어!
207,2096.63,2102.18,5.55,0.849,1.0,-0.32,높음,,야 따라온다 야 여기서 멈추면 어떡해 뛰어 뛰어! 뛰어!
208,2102.49,2115.74,13.25,0.27,0.871,-1.11,중간,overlong;onset_off,너 죽어 뛰어 빨리 잠깐만 일단 뛰어 괜찮아 괜찮아 괜찮을거야 그래 다
209,2119.84,2126.57,6.73,0.779,0.929,0.02,높음,,잠깐만 이거 게임인거 아는데도 무섭다 아 저기있어!
210,2126.67,2129.3,2.63,0.479,0.65,-2.25,중간,onset_off,저기있어!
211,2134.64,2137.54,2.9,0.49,0.897,0.04,중간,,미치겠네 진짜
212,2140.15,2144.78,4.63,0.898,0.935,-0.07,높음,,아니 개무서워요 양팔 양쪽으로 벌리고 막 미친듯이 달려와
213,2144.88,2152.78,7.89,0.483,0.963,0.03,중간,8s_padding,그 약간 워익 워익 보는거 같아요 워익 공 보는거 같아요 왜 안오겠지?
214,2154.58,2156.66,2.08,0.026,1.0,-0.4,중간,,돌렸겠지?
215,2159.95,2161.34,1.39,0.943,1.0,0.08,높음,,아니 문이 열려있냐?
216,2163.87,2175.26,11.39,0.277,0.687,2.76,중간,overlong;onset_off,여기 들어갔다 왔구나 아 잠깐만 아 쫄린다 진짜 열쇠만 모으면 되나?
217,2182.38,2193.07,10.69,0.214,0.652,1.74,중간,overlong;onset_off,아니 이게 지하주차장이 생각보다 개방되어있어서 눈만 마주치면 멀리에서 미
218,2193.52,2196.89,3.37,0.769,0.884,1.79,중간,onset_off,아 여기 막다른 곳이야 아 잠깐만 망했어!
219,2196.94,2198.9,1.96,0.913,1.0,-1.63,중간,onset_off,조졌어!
220,2200.25,2203.78,3.53,0.657,0.915,0.04,중간,,아... 조졌어... 막다른 곳이였어 하필이면
221,2205.1,2212.7,7.6,0.478,0.876,0.05,중간,,아 조졌어 나 따라온다 스테미는 다 떨어질 때 됐는데?
222,2213.8,2216.94,3.14,0.669,0.742,0.05,중간,,잠깐만... 잠깐만요... 착하게 살게요...
223,2217.04,2225.94,8.9,0.713,0.949,-1.0,중간,,착하게 살게요... 저 착하게 살게요 진짜로 착하게 살게요!
224,2225.94,2233.94,8.0,0.765,0.94,0.03,높음,8s_padding,잠깐만요... 어허허허허허... 잠깐만요...
225,2239.74,2243.94,4.2,0.878,0.914,0.06,높음,,하하하하 왜 안가 왜 안사라져
226,2244.04,2249.98,5.94,0.792,0.998,-0.4,높음,,왜 이렇게 잘 따라오는거야 숨어봐 이러면 죽냐?
227,2249.98,2251.94,1.96,0.184,0.454,0.5,낮음,no_speech_detected,들어오냐?
228,2253.99,2260.94,6.95,0.449,0.59,0.06,중간,,하... 아 문을 열고 오진 않네 하...
229,2261.24,2263.94,2.7,0.422,0.681,0.04,중간,,하... 하...
230,2264.59,2268.94,4.35,0.503,0.885,0.05,중간,,하... 야 아몬드물 좀 먹어보자
231,2269.89,2275.94,6.05,0.392,0.752,-0.39,중간,,아... 안정을 취해 좋아 할 수 있어
232,2276.34,2278.94,2.6,0.542,0.992,0.03,중간,,근데 열쇠가 왜 하나도 안나오지?
233,2280.34,2281.94,1.6,0.0,0.481,1.94,낮음,onset_off;no_speech_detected,어?
234,2282.24,2285.94,3.7,0.673,0.846,0.04,중간,,원래 열쇠가 하나씩 있어야 되거든요? 휴비대 나네?
235,2285.94,2287.94,2.0,0.775,1.0,-0.03,높음,,내가 봤던 영상은 그랬는데?
236,2288.61,2289.94,1.33,0.321,0.639,-0.82,중간,,갔냐?
237,2290.24,2292.03,1.79,1.0,1.0,-0.37,높음,,하하하...
238,2294.65,2297.12,2.47,0.676,1.0,-0.22,중간,,안갔어 아이씨 뭐야...
239,2298.12,2302.94,4.82,0.373,0.846,0.03,중간,,문 닫으면 못들어오네 별거 아니네
240,2312.54,2314.94,2.4,0.525,0.654,0.04,중간,,눈만 안 마주치면 되는거 아냐?
241,2327.69,2330.94,3.25,0.858,1.0,0.04,높음,,아 마주쳤어 설마요?
242,2333.86,2336.22,2.36,0.746,1.0,-0.58,중간,,뭐? 뭐?
243,2336.32,2341.94,5.62,0.644,0.947,0.8,중간,,범벼 범벼 너 못들어오잖아 뭐 범벼봐 인식도 못하죠?
244,2342.74,2344.94,2.2,0.709,0.814,0.05,높음,,NPC 수준? 쭛쭈?
245,2346.19,2347.94,1.75,0.971,1.0,0.05,높음,,아 근데 무서워
246,2348.11,2350.94,2.83,0.908,0.929,-1.87,중간,onset_off,빨리 가
247,2351.24,2354.94,3.7,0.811,0.835,0.04,높음,,빨리 가 이제 대충 알았어요 이제
248,2355.89,2363.94,8.05,0.343,0.75,0.01,중간,8s_padding,인식을 못하네 문 닫으면 아무것도 못하죠?
249,2366.64,2368.34,1.7,0.827,1.0,0.09,높음,,아 근데 문을...
250,2370.84,2374.94,4.1,0.733,0.761,0.66,중간,,잠깐만 문을 안에서 열었는데 안으로 열리는 문이에요?
251,2384.19,2385.94,1.75,0.0,0.983,-2.61,중간,onset_off,아니 있어봐
252,2386.11,2388.94,2.83,0.117,0.689,1.2,중간,onset_off,근데 거기서 하루종일 있을 수는 없잖아 나도
253,2389.64,2394.94,5.3,0.691,1.0,0.13,중간,,와 이 NPC 진짜 낄대 안 낄대 그거는 못하네
254,2395.57,2396.94,1.38,0.455,0.993,-0.06,중간,,야 일로 와봐
255,2397.54,2400.24,2.7,0.612,0.844,0.09,중간,,일로 와봐 일로 와봐 여기 있는데?
256,2400.24,2401.94,1.7,0.263,0.565,-0.36,중간,,라이터 있는데?
257,2402.84,2415.88,13.04,0.343,0.729,0.01,중간,overlong,이 자식 낄대 안 낄대 고부는 못하네 이 자식 아 근데 나가도 될까 이제
258,2415.98,2415.94,-0.04,0.0,0.0,0.73,낮음,broken_duration;no_speech_detected,나가볼까?
259,2416.64,2419.94,3.3,0.445,0.782,0.07,중간,,아니 왜 자꾸 안으로만 열리냐고
260,2420.89,2424.94,4.05,0.704,0.805,0.08,높음,,근데 빈 방 아니 안 가본 방이 왜 없지?
261,2427.66,2429.94,2.28,0.749,1.0,-0.09,높음,,안 가본 방을 가봐야 되는데
262,2433.09,2434.94,1.85,0.843,1.0,0.06,높음,,아 너무 무섭다 진짜로
263,2436.34,2437.94,1.6,0.506,0.669,0.08,중간,,45분 됐어요
264,2441.04,2442.94,1.9,0.826,1.0,0.0,높음,,2시간은 못할 것 같은데
265,2446.79,2452.94,6.15,0.727,0.938,0.07,높음,,제가 어렸을 때도 이토준지 만화 이런거 되게 좋아했거든요 약간 기괴하고
266,2454.24,2455.94,1.7,0.794,0.982,0.06,높음,,근데 그런걸 보고 나면
267,2456.49,2458.94,2.45,0.588,0.829,0.09,중간,,거기에 몰입이 너무 많이 돼가지고
268,2459.26,2464.94,5.68,0.767,0.981,0.05,높음,,항상 그런 만화책을 빌릴 때도 항상 재밌는 만화책을 같이 빌렸어요
269,2466.69,2470.94,4.25,0.88,0.993,0.09,높음,,그래서 그 공포에 대한 그 느낌을 좀 희석시켜야 돼
270,2472.64,2474.94,2.3,0.53,0.713,-0.13,중간,,약간 그런식으로 저는 극복을 했습니다
271,2475.69,2476.94,1.25,0.624,0.72,0.03,중간,,어? 열쇠 하나
272,2478.11,2481.94,3.83,0.439,0.95,0.04,중간,,열쇠 둘 여기 두개나 있네 또 없나?
273,2483.54,2486.94,3.4,0.794,0.903,0.04,높음,,일단은 조금 익숙해졌어요 아까보다는
274,2488.04,2490.94,2.9,0.583,0.748,0.04,중간,,열쇠 두개를 더 찾아야 되네요
275,2505.04,2507.94,2.9,0.855,1.0,-0.73,중간,,아 안 돼
276,2508.84,2518.94,10.1,0.514,1.0,0.06,중간,overlong,안 돼 일로와 저기로가 아니 일로와가 아니고 저기로가 저기로가 알았어 저
277,2523.59,2525.94,2.35,0.6,1.0,0.07,중간,,아 나 너무 무서워
278,2526.19,2527.94,1.75,0.234,0.777,-0.13,중간,,됐냐?
279,2529.26,2530.94,1.68,0.304,0.589,0.04,중간,,할거지?
280,2532.44,2533.94,1.5,0.18,1.0,0.07,중간,,할거지?
281,2536.89,2539.94,3.05,0.718,0.895,0.06,높음,,광원을 인식하고 이런것도 못하는거 같아요 제가 보니까
282,2541.32,2542.94,1.62,0.369,0.463,0.02,중간,,저쪽으로 갔고
283,2552.04,2554.94,2.9,0.745,1.0,0.06,높음,,이쪽으로 가고 있고 소리인식도 못하는거 같은데
284,2555.74,2558.94,3.2,0.647,1.0,0.11,중간,,아 근데 아까 저기는 안 가본거 같은데 저기는 가봐야 될거 같은데
285,2561.51,2562.94,1.43,0.0,0.972,1.87,중간,onset_off,가지
286,2563.29,2568.94,5.65,0.552,0.819,0.09,중간,,오케이 들어가세요 예 어 저 문 열려있는데 다른 데 가보자
287,2578.04,2582.14,4.1,0.285,0.837,0.07,중간,,잠깐 벽뒤에 몸을 숨기고 못 봤나?
288,2584.62,2586.94,2.32,0.323,0.388,0.15,중간,,근데 왜 이쪽으로 오지?
289,2589.29,2592.94,3.65,0.501,0.784,0.1,중간,,못봤지? 아 빼꼼은 못보는구나
290,2593.84,2595.94,2.1,0.843,0.976,0.05,높음,,빼꼼은 인식을 못하네
291,2597.54,2598.94,1.4,0.0,0.95,1.45,중간,onset_off,그죠?
292,2598.94,2602.94,4.0,0.593,0.808,0.05,중간,,그러네 빼꼼은 괜찮은거네 아 근데 왜 이쪽으로 와?
293,2603.64,2609.94,6.3,0.843,0.938,0.06,높음,,아 큰일났네 저 죽어요 님들아 반대쪽으로 뛰쳐가기?
294,2609.94,2612.94,3.0,0.46,1.0,0.36,중간,,여기 문이 있다고 문이 있다고 문이 있다고 문이 있다고
295,2613.09,2618.94,5.85,0.513,0.908,0.39,중간,,또다시 문을 닫으면 되는데
296,2621.86,2627.94,6.08,0.768,0.965,-0.07,높음,,문 닫으면 되는데 아 진짜 어디부터 다시 해야돼?
297,2628.64,2633.94,5.3,0.566,0.932,0.05,중간,,라이트도 없네 아 몰라 열쇠 두개는 챙겨져 있겠지?
298,2635.54,2638.94,3.4,0.741,0.885,0.05,높음,,그냥 가봅시다 닫혀있는 문 먼저 찾아야겠어
299,2639.84,2643.94,4.1,0.646,0.905,0.07,중간,,근데 이런게 초기화가 되는 것 같아요 문이
300,2645.86,2652.94,7.08,0.575,0.928,-0.01,중간,,계속 돌아다녀야 되는거야 그죠? 여기도 아까 왔던 어? 아몬드몰도 있네
301,2657.94,2659.94,2.0,0.795,0.96,-0.39,높음,,하 어렵다
302,2660.86,2662.94,2.08,0.708,0.976,0.05,높음,,아 졸려님 안녕하세요
303,2665.14,2672.94,7.8,0.804,1.0,0.06,높음,,백룸 나쁘지 않았어요 처음 보자마자 모든 걸 이해하지는 못했는데
304,2673.54,2679.94,6.4,0.708,0.887,0.06,높음,,그래도 이게 도대체 어떤 내용이었을까라는 궁금증이 많이 생겼고
305,2680.24,2685.94,5.7,0.784,0.972,0.11,높음,,그리고 찾아보다 보니까 백룸의 어떤 모시계단 같은 내용들이랑
306,2686.84,2689.94,3.1,0.881,1.0,0.05,높음,,엔티티 뭐 그런 요소들도 좀 알게되고
307,2690.09,2697.68,7.59,0.596,0.755,0.07,중간,,리미널 스페이스라는 단어도 알게되면서 관심은 많이.
308,2698.03,2698.94,0.91,0.283,1.0,1.64,중간,onset_off,. 아 저 끝에 있다
309,2699.59,2700.94,1.35,0.756,1.0,0.08,높음,,관심이 많이 생기더라구요
310,2703.59,2709.94,6.35,0.946,1.0,-0.59,중간,,그리고 약간 실제로 백룸 안에서는 내가 어떤 느낌을 느낄 수 있을까 약간
311,2710.44,2720.72,10.28,0.574,0.793,0.12,중간,overlong,그런 생각도 들면서 결국에는 이 게임까지 해보게 됐어요 근데 제가 약간
312,2721.82,2725.94,4.12,0.92,1.0,1.28,중간,onset_off,. 아니 공포 게임을 할 때 습관이 있거든요
313,2726.04,2729.94,3.9,0.854,1.0,-2.94,중간,onset_off,최대한 주변 환경을 무섭게 하고 하는 습관이 있는데
314,2730.74,2740.94,10.2,0.832,0.939,0.07,중간,overlong,불도 막 꺼놓고 모니터도 다 시커멓게 바꿔놓고 막 그렇게 하고 있는데 아
315,2741.39,2742.94,1.55,0.697,0.974,0.07,중간,,맨 처음에 괴물한테 잡혔을 때
316,2744.14,2746.94,2.8,0.811,1.0,-0.55,중간,,약간 지금은 조금씩 익숙해지고 있어요
317,2749.39,2750.94,1.55,0.213,0.806,0.14,중간,,저기도 아까 갔던 것 같은데
318,2752.19,2756.94,4.75,0.878,0.992,0.07,높음,,하다보니까 각각 그 스테이지마다 이..
319,2758.49,2761.94,3.45,0.704,0.87,0.1,높음,,뭐라고 해야 되지? 엔티티들이 특징이 있는 것 같구요
320,2763.94,2764.94,1.0,0.6,1.0,0.11,중간,,어? 하나
321,2765.54,2766.94,1.4,0.693,1.0,0.04,중간,,어? 여기 하나 있었어!
322,2767.09,2769.94,2.85,0.628,0.933,-0.22,중간,,어? 뭐야? 이거 못봤어 그럼 다 뺐네
323,2772.01,2773.01,1.0,0.21,0.59,0.14,중간,,어? 꽂혀있고?
324,2774.94,2775.94,1.0,0.43,0.49,0.57,중간,,꽂혀있네?
325,2776.94,2777.94,1.0,0.21,0.75,0.19,중간,,뭐야?
326,2779.24,2780.94,1.7,0.512,0.971,0.05,중간,,올려야 되는 건가?
327,2782.94,2783.94,1.0,0.0,1.0,-3.65,중간,onset_off,올려
328,2784.94,2785.94,1.0,0.0,1.0,3.38,중간,onset_off,엥?
329,2787.94,2790.3,2.36,0.153,0.568,0.38,중간,,아니 이거 뭐에요?
330,2791.9,2792.94,1.04,0.423,1.0,-0.22,중간,,올리는 거 아니야?
331,2792.94,2796.43,3.49,0.305,0.716,0.03,중간,,올려 불사가 정해져있나?
332,2798.03,2797.94,-0.09,0.0,0.0,-2.42,낮음,broken_duration;onset_off;no_speech_detected,어?
333,2804.44,2805.94,1.5,0.38,1.0,0.02,중간,,왔는데?
334,2808.89,2809.94,1.05,0.933,1.0,0.07,높음,,발소리 나
335,2812.49,2813.94,1.45,0.745,1.0,0.1,높음,,잠깐만 이거 어떻게 하는 거야?
336,2815.94,2818.94,3.0,0.563,1.0,-0.02,중간,,어? 난 돌렸는데 왜 돌아가지 다시?
337,2823.24,2824.94,1.7,0.982,1.0,0.03,높음,,하...
338,2826.44,2827.94,1.5,0.7,1.0,0.07,높음,,잠깐만요
339,2829.29,2831.94,2.65,0.577,0.875,0.01,중간,,이거 공략을 한 번 봐야 될 것 같은데
340,2832.99,2834.94,1.95,0.954,1.0,0.09,높음,,일단 열쇠 4개는 다 모은 것 같거든요?
341,2835.26,2840.94,5.68,0.181,0.319,-2.18,낮음,onset_off;no_speech_detected,공략 잠깐만 봐 볼게요 근데 뭐 해야 되는 거야?
342,2840.94,2848.94,8.0,0.213,0.321,5.52,낮음,8s_padding;onset_off;no_speech_detected,escape the back door 아 살아있는 공략이에요?
343,2849.94,2850.94,1.0,0.48,1.0,-1.11,중간,onset_off,잠깐만
344,2852.94,2855.94,3.0,0.38,0.67,-1.14,중간,onset_off,출구를 찾아보세요 근데
345,2856.94,2857.94,1.0,0.45,0.68,0.44,중간,,엉?
346,2861.86,2862.94,1.08,0.442,1.0,0.86,중간,,어?
347,2863.94,2864.94,1.0,0.0,0.09,-1.22,낮음,onset_off;no_speech_detected,어?
348,2865.94,2868.94,3.0,0.0,0.0,-3.22,낮음,onset_off;no_speech_detected,아니 이거 열쇠 다 모으고 뭐 해야 되는 거지?
349,2870.94,2871.94,1.0,0.0,0.0,1.14,낮음,onset_off;no_speech_detected,잠깐만요
350,2873.94,2874.94,1.0,0.99,1.0,-1.86,중간,onset_off,레벨
351,2876.94,2877.94,1.0,0.0,0.28,-4.86,낮음,onset_off;no_speech_detected,레벨 1
352,2881.94,2886.94,5.0,0.132,0.174,1.63,낮음,onset_off;no_speech_detected,열쇠 4개를 다 먹었잖아요 서두면 끝난 거 아니에요?
353,2892.94,2895.94,3.0,0.0,0.0,-1.39,낮음,onset_off;no_speech_detected,동시에 돌리면 문이 열린다고?
354,2896.94,2898.94,2.0,0.005,0.02,1.99,낮음,onset_off;no_speech_detected,동시에 돌리면?
355,2901.94,2903.94,2.0,0.385,0.49,-0.46,중간,,근데 열쇠는 다 꽂혀있어요
356,2910.94,2912.94,2.0,0.315,1.0,0.35,중간,,바로바로
357,2915.69,2916.94,1.25,0.0,0.872,1.51,중간,onset_off,아 이게 돌아오는구나 시간이 아 오케이 오케이
358,2917.19,2924.94,7.75,0.557,0.894,0.01,중간,,빠르게 아 열렸다 네 열렸습니다
359,2925.74,2927.94,2.2,0.504,1.0,0.07,중간,,아이 감사합니다
360,2929.09,2932.94,3.85,0.465,0.626,-0.37,중간,,살아있는 공략이 많네요
361,2933.94,2934.94,1.0,0.91,1.0,0.09,높음,,잠깐만
362,2935.64,2939.94,4.3,0.635,0.902,0.04,중간,,어 근데 공략 공략해주시는 분도 등장했으니까 이거 계속해야 되는 거예요?
363,2940.69,2941.94,1.25,0.712,0.976,0.03,높음,,저 한 시간만 하고 끄고 싶었네
364,2942.04,2946.94,4.9,0.908,0.927,-0.24,높음,,무서워서 조금만 더 해볼게요
365,2949.04,2950.94,1.9,0.5,0.826,-0.52,중간,,이게 아무래도 심장에 무리가 가는 게임인 것 같아
366,2951.94,2953.94,2.0,0.415,1.0,-0.96,중간,,뭐야 어이C
367,2954.94,2956.94,2.0,0.15,0.405,-1.59,낮음,onset_off;no_speech_detected,제가 개쫄보라서
368,2957.64,2962.94,5.3,0.44,0.728,0.09,중간,,이게 게임이라는 걸 아무리 인지를 해도 제가 지금 너무 쫄려요
369,2963.94,2975.94,12.0,0.602,0.85,-1.02,중간,overlong;onset_off,흐흐흐흐흐흐 네 혼자 하려니까 너무 무서워요 이건 뭐야 파인드 엘리베이터
370,2978.14,2982.94,4.8,0.487,0.506,-0.22,중간,,일단 이 문을 열고 나가면 엘리베이터가 있다는 거겠죠?
371,2982.94,2987.94,5.0,0.574,0.706,-0.49,중간,,아 이것도 맵이 시커멍 아 너무 싫어
372,2991.54,2992.94,1.4,0.557,0.686,0.06,중간,,그럼 이 시커멍 데서 또 꺼야겠다
373,2995.89,2997.94,2.05,1.0,1.0,0.0,높음,,그럼 이 시커멍 데서 또 괴물이 튀어나오는 거 아니에요?
374,2998.94,2999.94,1.0,0.78,1.0,0.07,높음,,아 미치겠네
375,3001.19,3009.94,8.75,0.44,0.817,0.13,중간,,이거 너무 무서워요 게임이 혼자 하신다고요 이 게임을?
376,3010.84,3013.94,3.1,0.91,1.0,0.05,높음,,살아있는 공략공인 될 때까지 혼자 하셨다고요?
377,3015.39,3016.94,1.55,0.961,0.961,0.06,높음,,이게 가능합니까?
378,3023.94,3031.94,8.0,0.947,1.0,-0.84,중간,8s_padding,흐어허허허허허허허허허허허허허허허허허허허허허허허허허허허허허허허허허허허허허허
379,3046.24,3050.94,4.7,0.977,1.0,0.05,높음,,와 저게 멀리 이제는 사람으로 변신해서 걸어다니네
380,3052.34,3053.94,1.6,0.431,0.581,0.1,중간,,와
381,3055.64,3056.94,1.3,0.992,1.0,0.01,높음,,개무섭다 진짜로
382,3066.76,3071.94,5.18,0.916,1.0,0.08,높음,,그래도 이게 이번 스테이지까지는 좀 깨고 끄더라도 깨고 끄고 싶거든요
383,3072.59,3073.94,1.35,0.63,0.807,-0.05,중간,,조금 더 해볼게요
384,3076.59,3077.94,1.35,0.8,0.911,0.03,높음,,아니 근데 방이
385,3079.09,3080.94,1.85,0.973,1.0,0.05,높음,,다 막다른 길이야
386,3082.49,3083.94,1.45,0.0,0.524,-3.35,중간,onset_off,아무것도 없고
387,3087.99,3090.94,2.95,0.827,1.0,0.18,높음,,모르겠다 이제 그냥 괴물 만나면 그냥 죽을래요
388,3091.94,3095.94,4.0,0.428,0.57,0.4,중간,,어 여기 뭐 잠깐만 라이트가 없네?
389,3096.66,3102.94,6.28,0.449,1.0,0.06,중간,,아 시작할 때 챙겨왔어야 되는구나 여기가 시작한댄가?
390,3104.34,3105.94,1.6,0.431,0.619,0.06,중간,,라이트를 챙겨왔어야 되네
391,3111.34,3112.94,1.6,0.969,1.0,0.05,높음,,아 이제 그냥 괴물 만나도 그냥 죽어야겠다
392,3113.04,3114.94,1.9,1.0,1.0,-1.65,중간,onset_off,어 뭐야 죽여 죽여
393,3116.24,3117.94,1.7,0.847,1.0,0.01,높음,,응? 다시 하면 그만이야
394,3122.94,3123.94,1.0,0.6,1.0,0.33,중간,,받아들여
395,3125.99,3129.94,3.95,0.919,0.982,0.01,높음,,차라리 이게 제일 빠를 것 같아요 깨는 방법이
396,3131.74,3133.94,2.2,0.805,1.0,0.02,높음,,훈전등 들고 일단 뛰어다니면서
397,3134.72,3136.94,2.22,0.883,1.0,-0.13,높음,,다른 방들을 좀 빠르게 서칭하고
398,3140.24,3142.94,2.7,0.693,1.0,-0.14,중간,,일단 처음에 이 두개 방은 아무것도 없고
399,3149.54,3150.94,1.4,0.607,1.0,-0.47,중간,,어? 주변에 있는데 지금?
400,3151.74,3152.94,1.2,0.25,1.0,0.06,중간,,소리 났는데?
401,3158.29,3166.94,8.65,0.394,0.883,-0.49,중간,,아 모르겠다 죽여라 그래 죽여 이거 뭐야 아래층도 있었네?
402,3168.26,3169.94,1.68,0.585,0.804,0.04,중간,,죽여라 죽여
403,3170.39,3171.94,1.55,0.49,1.0,0.55,중간,,에 죽지 뭐
404,3172.54,3181.94,9.4,0.407,0.847,-0.01,중간,,니가 죽이고 싶다는데 내가 죽어야지 뭐 뭐라구요?
405,3182.99,3185.94,2.95,0.986,0.986,0.04,높음,,PTSD 생겨서 더 무섭다고요? 아 그래요?
406,3187.14,3199.94,12.8,0.598,0.921,-0.36,중간,overlong,근데 이제 조금씩 적응은 돼가고 있는데 너무 이렇게 시커먼 데서 튀어나오
407,3202.82,3206.91,4.1,0.421,0.998,-0.7,중간,,아 엘리베이터 찾았다 아 이수 맞죠 이거?
408,3208.86,3209.04,0.18,0.0,1.0,-0.57,중간,,다음층이죠?
409,3216.14,3217.94,1.8,0.7,0.856,0.01,높음,,아 이거 팔에 지금
410,3218.64,3220.94,2.3,0.6,0.783,0.0,중간,,엄마 이건 또 왜 이렇게 넓어?
411,3222.74,3228.61,5.87,0.226,0.709,0.1,중간,,팔에 계속 소름이 돋고 있어요 이거 뭐야?
412,3228.61,3228.94,0.33,0.698,1.0,-0.01,중간,,뭔데?
413,3230.01,3231.01,1.0,0.39,0.6,0.06,중간,,이렇게 하면 돼?
414,3235.24,3236.94,1.7,0.388,0.6,0.08,중간,,깼네
415,3243.39,3244.94,1.55,0.368,1.0,0.03,중간,,이건 뭐야 또
416,3250.19,3251.94,1.75,0.36,0.486,0.07,중간,,문 안열려
417,3255.39,3256.94,1.55,0.155,0.71,-0.06,중간,,뭐야?
418,3260.09,3263.94,3.85,0.99,1.0,0.04,높음,,아 이게 뭐 연결.. 아 전 스테이지로 갈 수 있는거구나
419,3264.89,3265.94,1.05,0.771,1.0,0.04,높음,,Stay in the light
420,3266.49,3271.94,5.45,0.116,0.314,-0.03,낮음,no_speech_detected,빛을 벗어내지 마 이거 뭐야?
421,3276.74,3277.94,1.2,0.5,0.883,0.04,중간,,이렇게 하면 뭐 되는건가?
422,3279.94,3281.94,2.0,0.075,0.33,-1.21,낮음,onset_off;no_speech_detected,안되네요
423,3285.59,3286.94,1.35,0.348,0.504,0.88,중간,,(집중)
424,3293.64,3298.53,4.89,0.313,0.724,0.03,중간,,한 스테이지만 좀 더 해볼게요 하다보니까 약간 묘한 그런.
425,3302.48,3302.94,0.46,0.0,1.0,0.58,중간,,.
426,3303.09,3304.94,1.85,0.211,0.47,-0.03,낮음,no_speech_detected,그런게 좀 있는데?
427,3315.94,3317.94,2.0,0.075,0.315,1.85,낮음,onset_off;no_speech_detected,뭐라고요?
428,3319.59,3322.94,3.35,0.475,0.588,0.0,중간,,좌측에 방이 하나 있는데 이거요?
429,3325.29,3326.94,1.65,0.964,1.0,0.06,높음,,이거 들어가면 귀신 나오는거 아니야?
430,3328.94,3330.94,2.0,0.39,0.71,0.1,중간,,잠깐만 문은 일단 닫아
431,3331.94,3337.94,6.0,0.81,0.95,0.1,높음,,일단 제가 엔티티가 덜 무서워진 이유가 하나 있는데 그게 뭐냐면
432,3339.39,3341.94,2.55,0.847,0.988,0.03,높음,,방문을 열고 들어오지는 못한다는거에요
433,3342.54,3343.94,1.4,0.921,0.957,0.09,높음,,거기서 일단 안도를 했습니다
434,3346.47,3348.94,2.47,0.61,0.879,0.04,중간,,일단 이거를 시킬트 체크를 해야되는데
435,3349.09,3350.94,1.85,0.757,0.789,-0.97,중간,,어? 이거 본거 같애
436,3352.81,3358.94,6.13,0.539,0.705,0.08,중간,,이게 이거 뭐 수면 그림 찾기라고 했는데 어 뭐야?
437,3359.89,3360.94,1.05,0.286,0.371,0.02,낮음,no_speech_detected,그죠?
438,3361.79,3368.94,7.15,0.713,0.831,0.07,높음,,이거 똑같은 그림을 찾는 그런거라고 했어요 똑같은데요 요거에 있는 똑같은
439,3371.44,3373.94,2.5,0.816,0.884,0.02,높음,,유튜브에서 선행학습을 하고 왔어요
440,3376.59,3381.94,5.35,0.886,0.897,-0.27,높음,,사실 이게 백룸에 뭔가를 검색하다 보니까 게임 영상에 하나 나오더라구요
441,3384.29,3385.94,1.65,0.164,0.424,0.07,낮음,no_speech_detected,요런거구만
442,3389.36,3391.94,2.58,0.827,0.977,0.07,높음,,XORA XORA
443,3392.94,3394.94,2.0,0.0,0.24,-3.51,낮음,onset_off;no_speech_detected,없구요
444,3395.99,3397.94,1.95,0.0,0.708,-6.56,중간,onset_off,XOR
445,3399.79,3400.94,1.15,0.0,0.461,3.77,낮음,onset_off;no_speech_detected,저 밑에 있나보다
446,3401.29,3402.94,1.65,0.0,0.509,2.27,중간,onset_off,XOR
447,3403.49,3410.94,7.45,0.185,0.472,0.07,낮음,no_speech_detected,이거다 LDHL 요거같은데?
448,3410.94,3412.94,2.0,0.525,0.84,0.09,중간,,오케이
449,3413.49,3414.94,1.45,0.766,0.869,0.09,높음,,야 왜이렇게 어두워
450,3417.94,3419.94,2.0,0.57,0.72,0.08,중간,,아 저 돌아갈래요
451,3422.89,3425.94,3.05,0.984,0.984,0.05,높음,,저는 이 어두운 공간을 되게 싫어하나봐요 무서워하나봐요
452,3427.54,3428.94,1.4,0.321,0.614,0.17,중간,,너무 어둡다
453,3430.74,3432.94,2.2,0.736,0.859,0.06,높음,,마우스라도 챙기면 안되나 무기로?
454,3434.19,3447.94,13.75,0.164,0.236,0.06,낮음,overlong;no_speech_detected,야 앞이 라이트를 켰는데도 앞이 안보여 왜 무서워 엘리베이터야?
455,3454.94,3455.94,1.0,0.36,0.51,0.07,중간,,뭐야 이거?
456,3460.44,3461.94,1.5,0.48,0.6,0.06,중간,,왜 안열려요?
457,3464.94,3466.94,2.0,0.105,0.18,0.93,낮음,no_speech_detected,뭐지?
458,3468.49,3470.94,2.45,0.661,0.784,0.05,중간,,이 안에서 뭐 단서를 찾아야 되나?
459,3478.29,3479.94,1.65,0.8,0.873,0.06,높음,,It Hurls You?
460,3481.69,3482.94,1.25,0.936,0.96,0.05,높음,,이거 약간 코드같은데?
461,3484.69,3485.94,1.25,0.816,1.0,0.08,높음,,잠깐만요 스셧좀 딸게요
462,3488.94,3489.94,1.0,0.63,1.0,0.03,중간,,어? 뭐야?
463,3490.99,3491.99,1.0,0.68,1.0,-0.01,중간,,스셧 왜 안따져?
464,3494.54,3495.94,1.4,0.457,1.0,-0.02,중간,,스셧 안따지네?
465,3497.24,3498.94,1.7,0.971,1.0,0.04,높음,,에헤이~ 조잤네 이거
466,3502.09,3505.99,3.9,0.664,0.723,0.02,중간,,입구 우측에 보면 전원을 키는 곳이 있다고요?
467,3506.54,3507.94,1.4,1.0,1.0,-0.14,높음,,아 전원키는 곳이 있었어요?
468,3510.34,3513.94,3.6,0.853,0.903,0.08,높음,,나 혼자 공포게임 하고 있었어?
469,3520.54,3522.94,2.4,0.817,0.992,0.05,높음,,아씨 뭐야 혼자 생쇼하고 있었네
470,3524.94,3526.94,2.0,0.13,0.265,1.74,낮음,onset_off;no_speech_detected,어? 이거 저거다
471,3527.09,3532.94,5.85,0.817,0.913,-0.41,높음,,이게 이제 그러면 이 에이싱크 회사의 건물인가봐요 그쵸?
472,3533.44,3539.94,6.5,0.414,0.515,-0.01,중간,,그 건물 내부에서 저 백룸을 뭐라고 해야하지?
473,3540.84,3549.94,9.1,0.198,0.293,0.06,낮음,no_speech_detected,관찰하고 있었던거지 이거 어떻게 해야되지?
474,3552.89,3553.94,1.05,0.0,0.61,-4.58,중간,onset_off,일단 저게? 이건 뭐지?
475,3557.49,3558.94,1.45,0.766,0.869,0.06,높음,,일단 이건 작동을 안하고
476,3564.24,3567.94,3.7,0.559,0.754,0.06,중간,,되돌아서 나가서 뭔가를 해갖고 어? 이건가?
477,3568.32,3571.94,3.62,0.281,0.453,0.07,낮음,no_speech_detected,어? 이거다 게이트?
478,3573.49,3589.94,16.45,0.166,0.418,0.41,낮음,overlong;no_speech_detected,생존재를 보호하기 위해 제한구역을 최고보호한 모드로 설정했습니다 이거 같
479,3599.54,3602.94,3.4,0.397,0.559,0.1,중간,,제한을 해제 그러면 이제 되는건가?
480,3602.94,3604.94,2.0,0.0,0.31,-1.35,낮음,onset_off;no_speech_detected,아니네?
481,3604.94,3606.94,2.0,0.0,0.145,-3.35,낮음,onset_off;no_speech_detected,이건 뭐야?
482,3608.26,3610.94,2.68,0.684,0.724,0.05,중간,,어? 돌아다니면서 다 해제해야 되는건가?
483,3613.51,3620.94,7.43,0.174,0.301,-5.2,낮음,onset_off;no_speech_detected,컴퓨터 또 그쵸 뭔가 이런거 같은데?
484,3623.64,3624.94,1.3,0.977,1.0,0.03,높음,,아니에요?
485,3627.89,3640.94,13.05,0.756,0.92,0.04,중간,overlong,나의 이 보잘것없는 추리력으로는 게임을 할 수가 없네요 처음 방으로 가서
486,3641.34,3642.94,1.6,0.0,0.263,2.25,낮음,onset_off;no_speech_detected,잠깐만
487,3646.39,3647.94,1.55,0.406,0.748,0.05,중간,,아까 처음 방에다
488,3648.94,3650.94,2.0,0.615,1.0,0.02,중간,,0이라고 써있었던거 같은데
489,3652.79,3662.94,10.15,0.177,0.56,0.01,중간,overlong,4 아 2방이다 2방 1 여기서?
490,3662.94,3666.94,4.0,0.497,0.685,-0.09,중간,,이걸 누르라는 얘기죠 아~
491,3666.94,3668.94,2.0,1.0,1.0,-0.01,높음,,불안해
492,3670.34,3671.94,1.6,0.138,1.0,3.13,중간,onset_off,어?
493,3673.39,3674.94,1.55,0.252,0.845,0.08,중간,,뭐야 자동인식이야?
494,3675.29,3678.94,3.65,0.23,0.66,0.1,중간,,아까 했으면 켜지고 뭐야 불을 왜 꺼졌어?
495,3679.59,3680.94,1.35,0.756,1.0,0.06,높음,,아 왜?
496,3681.64,3682.94,1.3,0.231,1.0,0.05,중간,,켜줘
497,3689.11,3690.94,1.83,0.616,0.732,-0.79,중간,,라이트 안에 있으려잖아
498,3691.99,3694.94,2.95,0.681,0.868,0.08,중간,,어두운데 있을때 공격하는거 같은데
499,3695.49,3697.94,2.45,0.71,0.976,0.06,높음,,아 얘는 켜져 딱 꺼졌다는건가 봐요?
500,3704.84,3705.94,1.1,0.3,0.409,0.07,중간,,뭐
501,3708.59,3712.94,4.35,0.586,0.745,0.07,중간,,뭐 들어와봐 뭐 이건 뭐 어쩌건데 니네들이
502,3716.44,3717.94,1.5,0.973,1.0,-0.04,높음,,이런데 딱 들어갔는데
503,3718.79,3722.94,4.15,0.694,0.875,0.07,중간,,불이 딱 꺼지면 이제 쟤네들이 달려와서 죽이는거지
504,3723.24,3724.94,1.7,0.371,0.635,0.06,중간,,아 그런 느낌인가봐
505,3726.19,3730.94,4.75,0.516,0.617,-0.28,중간,,아 무서워 어 근데 이러면 내가 아무것도 할 수가 없는데?
506,3734.19,3735.94,1.75,1.0,1.0,-0.09,높음,,잠깐만 다음 밝은 지역이 어디야?
507,3736.39,3738.94,2.55,0.925,1.0,-2.29,중간,onset_off,반대편까지 뛰어가야되나보다
508,3739.34,3740.94,1.6,0.206,0.288,0.04,낮음,no_speech_detected,오케이
509,3741.94,3744.94,3.0,0.577,0.607,-0.13,중간,,직선으로 된 데를 한번 뛰어가고
510,3745.44,3747.94,2.5,0.576,0.988,0.06,중간,,하시면 스타트
511,3750.39,3752.94,2.55,0.965,1.0,0.06,높음,,잠깐만 스태미나 왜 이렇게 보자꺼 없냐?
512,3755.34,3756.94,1.6,0.413,0.506,-1.38,중간,onset_off,끝나버렸죠?
513,3758.91,3762.94,4.03,0.774,0.926,-0.06,높음,,이제 저도 리액션이 약간 아 그래요?
514,3763.24,3765.94,2.7,0.752,1.0,-0.01,높음,,리액션이 약간 줄어들기 시작했어요
515,3766.89,3768.94,2.05,0.971,1.0,0.06,높음,,무서움이 약간 줄어들기 시작했어요
516,3770.94,3776.94,6.0,0.595,0.91,-1.23,중간,onset_off,아 바로 옆에 있어요 어 라이트 어디갔냐?
517,3777.59,3781.94,4.35,0.8,0.947,0.07,높음,,나 라이트가 없어졌어 라이트 처음에 안주나?
518,3786.54,3787.94,1.4,0.75,1.0,0.03,높음,,손짱등이 없어졌어요
519,3795.14,3796.94,1.8,0.0,0.856,1.96,중간,onset_off,아이씨 여기 못들어가잖아
520,3799.79,3800.94,1.15,0.243,0.348,-0.02,낮음,no_speech_detected,가자
521,3803.99,3805.94,1.95,0.877,1.0,0.1,높음,,아 저 옆에 있구나
522,3806.91,3807.94,1.03,0.82,0.961,0.03,높음,,아니
523,3810.04,3811.94,1.9,0.284,0.347,0.05,낮음,no_speech_detected,왓더
524,3812.44,3825.94,13.5,0.336,0.95,0.02,중간,overlong,왓더풀 오케이 장기술이요?
525,3825.94,3828.94,3.0,0.657,0.77,-1.39,중간,onset_off,어 잠깐만요 너무 시끄럽은데?
526,3829.91,3829.73,-0.18,0.0,0.0,-0.38,낮음,broken_duration;no_speech_detected,장기술이요?
527,3829.73,3832.94,3.21,0.704,1.0,-0.2,높음,,알려주세요 뭡니까
528,3834.69,3836.94,2.25,0.973,1.0,0.06,높음,,저의 생존에 유리한 장기술인가요?
529,3842.04,3844.94,2.9,0.752,0.99,0.03,높음,,쉬프트 스페이스바 쉬프트 스페이스바
530,3845.04,3846.94,1.9,1.0,1.0,-0.57,중간,,쉬프트 스페이스바
531,3847.39,3852.99,5.6,0.298,0.796,-2.92,중간,onset_off,쉬프트 스페이스바 쉬프트 스페이스바 이런 느낌이에요?
532,3863.64,3864.94,1.3,0.623,1.0,0.09,중간,,오
533,3865.54,3867.94,2.4,0.613,0.883,0.05,중간,,어? 근데 숨을 거치게 쉬는데?
534,3870.89,3872.94,2.05,0.898,1.0,-0.83,중간,,아 내가 쉬프트가 좀 길었나보다
535,3878.39,3879.94,1.55,0.755,0.871,0.04,높음,,아이 안되네
536,3882.34,3884.94,2.6,0.969,0.981,0.08,높음,,어 그거 영상 저도 본 것 같긴 한데
537,3885.64,3886.94,1.3,0.962,1.0,0.05,높음,,까먹고 있었어요 근데
538,3887.54,3888.94,1.4,0.671,1.0,-1.85,중간,onset_off,어 한번 해볼게요
539,3892.54,3894.94,2.4,0.958,1.0,-0.22,높음,,잠깐만 그냥 점프는 이렇게 느린데
540,3897.44,3898.94,1.5,0.993,1.0,0.01,높음,,이게 약간 그건가 보네
541,3899.59,3906.94,7.35,0.615,0.894,2.06,중간,onset_off,달리기 하는 척 해놓고 점프를 하면 점프가 빠른가 봐요 아니 문 열어주세
542,3909.24,3912.94,3.7,0.568,0.884,0.06,중간,,아 불 켜주세요 사장님 저기요
543,3914.29,3916.94,2.65,0.992,0.992,0.02,높음,,아 이 방탈출 게임 안되겠네 이거
544,3917.79,3919.94,2.15,0.986,0.986,0.03,높음,,불부터 꺼버리면 어떻게 들어갑니까 제가
545,3920.99,3924.94,3.95,0.767,0.891,0.01,높음,,무서워요 불 켜주세요
546,3927.14,3928.94,1.8,1.0,1.0,-0.02,높음,,불 켜주세요 빨리
547,3930.41,3934.94,4.53,0.622,1.0,-0.38,중간,,점프 쉬프트 점프 쉬프트 점프 쉬프트 점프 쉬프트 점프
548,3935.29,3937.94,2.65,0.679,0.8,0.05,중간,,아하이
549,3938.04,3939.94,1.9,0.837,0.853,0.0,높음,,조졌네 이거
550,3940.64,3942.94,2.3,0.917,1.0,-0.26,높음,,야 이제 첫번째 방도 못 가네 큰일났네
551,3945.51,3955.94,10.43,0.37,0.876,-0.12,중간,overlong,갑니다 나지 아이 조졌네 또 죽었죠?
552,3960.94,3962.94,2.0,0.745,0.82,-0.55,중간,,다시 해보자
553,3964.29,3975.94,11.65,0.729,0.882,0.03,중간,overlong,이게 단순히 공포게임이 아니라 근성게임으로 가는 순간 저한테 상당히 유리
554,3978.29,3979.94,1.65,0.97,1.0,-0.02,높음,,근데 앞이 안보여요 너무 무서워요
555,3980.41,3983.47,3.06,0.255,0.873,-0.1,중간,,여기 어디야 여기 여기까지는 못 와요?
556,3984.52,3992.94,8.42,0.255,0.401,1.43,낮음,onset_off;no_speech_detected,여기서 구경하고 있어야겠다 그러네 못 오네 여기서?
557,3993.97,4002.94,8.97,0.427,0.885,-0.09,중간,,일단 그냥 달리기 오케이 성공 여기까지 왔죠?
558,4004.19,4009.94,5.75,0.616,0.692,0.03,중간,,뭐 니가 어떻게 할건데 그냥 달리기 일단 그냥 달리기
559,4013.49,4017.94,4.45,0.654,0.809,0.06,중간,,아 안되네 아 아 스테미나
560,4018.74,4019.94,1.2,0.575,0.65,0.03,중간,,야 너
561,4020.49,4022.94,2.45,0.673,0.98,0.05,중간,,달리기를 못하는구나 친구야
562,4025.39,4027.94,2.55,0.824,0.933,0.01,높음,,이게 기술이 뭔가 있어야 될 것 같은데
563,4028.64,4030.94,2.3,0.626,1.0,-0.21,중간,,아까 알려주셨던 기술
564,4033.94,4036.94,3.0,0.09,0.16,1.6,낮음,onset_off;no_speech_detected,한번 해보자
565,4038.34,4039.94,1.6,0.744,1.0,0.05,높음,,스타트
566,4056.94,4059.94,3.0,0.697,0.737,-0.49,중간,,다 왔는데
567,4060.34,4062.94,2.6,0.996,0.996,0.01,높음,,어렵다 아니 애들이 빠르네요
568,4066.14,4081.94,15.8,0.368,0.828,0.03,중간,overlong,이제 점점 달리기 게임이 돼가고 있거든요 저 왼쪽으로 가볼까?
569,4085.49,4087.94,2.45,0.816,1.0,-0.03,높음,,왼쪽 너무 멀어 이쪽이 오른쪽이 맞는데
570,4088.09,4090.94,2.85,1.0,1.0,-1.31,중간,onset_off,지금 오른쪽부터 해가지고 이렇게 돌아가는 것 같은데
571,4094.39,4097.94,3.55,0.406,0.515,0.04,중간,,나를 보고있네 어쩌라고 이 자식아
572,4099.16,4100.16,1.0,0.575,1.0,-0.08,중간,,난 저기 갈거야
573,4101.19,4102.94,1.75,0.594,1.0,0.05,중간,,밤이 되었습니다
574,4103.54,4104.94,1.4,1.0,1.0,-0.65,중간,,아 마피아 게임이구만
575,4105.09,4110.94,5.85,0.532,0.732,1.52,중간,onset_off,밤이 되었습니다 마피아는 시민을 지목해주세요
576,4118.94,4125.94,7.0,0.562,0.917,-0.09,중간,,뛰어 뛰어 다 왔다 다 왔다 아 왔다 오케이 뭐야 아무것도 없어?
577,4125.94,4127.94,2.0,0.0,0.18,-1.6,낮음,onset_off;no_speech_detected,맞죠?
578,4128.86,4134.94,6.07,0.366,0.792,-0.11,중간,,찾아보고 있네 어쩌라고 아무것도 못하죠?
579,4135.24,4137.94,2.7,0.5,0.53,0.02,중간,,라이트는 하나 줄면 안돼요?
580,4138.24,4139.94,1.7,1.0,1.0,-0.04,높음,,아니 이거 뭘 먹은거 아니야?
581,4139.94,4141.94,2.0,0.225,0.435,-1.74,낮음,onset_off;no_speech_detected,뭘 먹긴 먹은 것 같은데
582,4144.19,4145.94,1.75,0.617,1.0,0.07,중간,,아니 안보여
583,4148.94,4158.94,10.0,0.246,0.631,-1.23,중간,overlong;onset_off,아 죽으면서 하나도 안보여 아 9개는 나왔나?
584,4158.94,4160.94,2.0,0.15,0.64,-1.06,중간,onset_off,어디로 가야되지?
585,4163.94,4165.94,2.0,0.3,0.645,0.6,중간,,잘생긴 얼굴들 보게
586,4167.91,4169.94,2.02,0.674,1.005,-0.1,중간,,스타트
587,4173.04,4174.04,1.0,0.63,1.0,0.05,중간,,아 왔다
588,4174.59,4179.94,5.35,0.387,0.679,0.06,중간,,약간 뭔가 익숙해졌나봐요 달리기 아 나 라이트도 없는데?
589,4179.94,4181.94,2.0,0.0,0.0,2.87,낮음,onset_off;no_speech_detected,뭐야? 깨졌어?
590,4182.89,4183.94,1.05,0.582,1.0,-0.08,중간,,엥?
591,4185.79,4187.94,2.15,0.483,1.0,-0.49,중간,,뭐야?
592,4189.94,4191.94,2.0,0.154,0.4,-1.22,낮음,onset_off;no_speech_detected,여러분
593,4195.94,4199.94,4.0,0.0,1.0,-0.8,중간,,이렇게 무서워요 이렇게 무서워요
594,4200.29,4209.94,9.65,0.311,0.82,0.01,중간,,이렇게 무서워요 이렇게 무서워요 이렇게 무서워요 이렇게 무서워요 이것도
595,4210.79,4212.94,2.15,0.781,1.0,0.01,높음,,만나면 그냥 죽어야 되는거네 이거
596,4213.84,4214.94,1.1,0.464,0.864,0.05,중간,,컨택지가 없네
597,4220.14,4221.94,1.8,0.611,0.711,-0.25,중간,,가봐 모르겠다
598,4222.49,4223.94,1.45,0.931,1.0,0.1,높음,,그래 죽여라 죽여
599,4226.09,4228.94,2.85,0.986,1.0,0.04,높음,,무서워 소리 너무 무서워
600,4233.74,4238.94,5.2,0.86,1.0,0.07,높음,,근데 자꾸 왼쪽인지 오른쪽인지 모를 구분이 안되는 소리가
601,4239.16,4240.94,1.77,0.921,1.006,2.51,중간,onset_off,자꾸 어디서 드르륵 드르륵 나요
602,4241.59,4242.94,1.35,0.444,0.867,0.08,중간,,재무섭네
603,4245.39,4248.94,3.55,0.972,1.0,0.09,높음,,뒤에서 따라오는 것 같기도 하고 옆에서 나는 것 같기도 하고
604,4252.99,4255.94,2.95,0.973,1.0,0.08,높음,,어? 쉬프트 점프로 극복해보자
605,4259.04,4260.94,1.9,1.0,1.0,-1.56,중간,onset_off,뭐야?
606,4262.94,4264.94,2.0,0.3,1.0,-0.18,중간,,야 너였어?
607,4271.02,4275.94,4.92,0.858,0.933,-0.18,높음,,약간은 그 무서운 느낌은 좀 줄어들고 있는 것 같아요 확실히 반복할수록
608,4276.69,4277.94,1.25,1.0,1.0,-0.04,높음,,근데 뭘 해야될지 이제 모르겠어
609,4280.47,4283.94,3.47,1.0,1.0,-0.18,높음,,그 공포감을 계속 느끼면서 이 안에서 계속 헤매는 것만
610,4285.49,4286.94,1.45,1.0,1.0,-0.02,높음,,그거 말고는 사실
611,4288.14,4289.94,1.8,0.783,1.0,-0.45,높음,,내가 할 수 있는게 안보이는데
612,4293.94,4295.94,2.0,0.15,0.67,1.7,중간,onset_off,뭐야?
613,4296.02,4297.94,1.92,0.475,1.0,-0.37,중간,,라이트가 왜 이렇게 멀리있어요
614,4302.09,4305.94,3.85,0.74,1.0,-0.06,높음,,가봐 뛰어 가봐 깜짝이야
615,4312.39,4313.94,1.55,0.135,0.987,0.08,중간,,뭐?
616,4314.09,4315.94,1.85,0.968,1.0,0.06,높음,,뭐? 너 못오잖아
617,4320.19,4321.94,1.75,0.12,0.206,0.05,낮음,no_speech_detected,뭐야?
618,4322.34,4323.94,1.6,0.881,0.956,0.06,높음,,빛 안에 있는데도 오네?
619,4329.09,4330.94,1.85,0.551,1.0,-0.03,중간,,그랬다 왼쪽으로
620,4335.99,4337.94,1.95,0.8,1.0,-0.15,높음,,이게 한판 한판
621,4338.64,4339.94,1.3,0.785,0.985,0.08,높음,,아 달려야 돼요
622,4342.19,4347.94,5.75,0.988,1.0,0.07,높음,,한판 한판 반복할수록 약간 그 스테이지에 있는 애들이 익숙해지는 느낌이긴
623,4348.74,4350.94,2.2,0.959,1.0,0.09,높음,,근데 뭔가 처음 그 상황이 됐을때는
624,4351.99,4353.94,1.95,0.959,1.0,0.08,높음,,여전히 공포감은 남아있어요
625,4355.86,4357.94,2.07,0.448,0.981,0.05,중간,,되게 근데 그 뭐라고 해야되지?
626,4364.04,4366.94,2.9,0.803,1.0,0.18,높음,,그 심리나 이런걸 좀 잘 건드렸다고 해야되나?
627,4366.94,4369.94,3.0,0.473,1.0,-0.2,중간,,사람들의 그런 공포감 같은거
628,4370.84,4371.94,1.1,0.355,1.0,0.07,중간,,쭉 달려요
629,4372.34,4373.94,1.6,0.956,1.0,0.04,높음,,따라잡히고 있는데 지금
630,4375.89,4379.96,4.07,0.759,1.0,-1.23,중간,onset_off,어우 이 소리 봐라 따라잡히는 것 같은데?
631,4379.97,4379.94,-0.03,0.0,0.0,4.51,낮음,broken_duration;onset_off;no_speech_detected,죽었네
632,4381.94,4383.94,2.0,0.0,0.0,2.53,낮음,onset_off;no_speech_detected,하하하하하
633,4388.24,4395.94,7.7,0.805,1.0,-0.68,중간,,아니 처음에는 엄청 무서웠는데 지금은 약간 그 정도까지는 아니에요 그래도
634,4395.94,4399.94,4.0,0.62,0.858,-1.06,중간,onset_off,근데 그냥 달리면 스테미나 때문에 얼마 못달리잖아요
635,4406.94,4407.94,1.0,0.94,1.0,0.06,높음,,그냥 달려도 근데
636,4408.09,4417.94,9.85,0.351,0.741,-1.09,중간,onset_off,약간 차이는 없을것 같은데 가볼게요 아 그래요?
637,4417.94,4419.94,2.0,0.41,1.0,0.97,중간,,그런게 있어?
638,4419.94,4421.94,2.0,0.315,0.445,0.02,중간,,뭐야? 이거 뭐야?
639,4422.84,4423.94,1.1,1.0,1.0,-0.06,높음,,수그리고 가야되나보다
640,4428.39,4435.94,7.55,0.795,1.0,0.03,높음,,아 또 제가 모르는 그런 지식들을 많이 알려주시는군요 감사합니다 도망갈
641,4439.94,4443.94,4.0,0.648,0.903,-0.33,중간,,근데 앞으로 계속 앞으로 가는 키를 누르고 있었는데
642,4446.44,4447.94,1.5,0.78,1.0,0.07,높음,,안 지나가지더라구요
643,4448.39,4449.94,1.55,0.523,1.0,0.07,중간,,수그려서 지나가야되나봐요
644,4451.94,4467.94,16.0,0.375,0.786,-0.21,중간,overlong,점프하거나 이거 봐 지나가지지가 않아 수그려고 쉬프트 스페이스 하다가 이
645,4468.34,4471.94,3.6,0.542,0.869,0.01,중간,,도망가야 돼 도망가야 돼
646,4474.89,4483.94,9.05,0.62,1.0,0.06,중간,,아 그러네 무한이네 진짜 다 왔는데?
647,4484.19,4489.94,5.75,0.661,0.776,0.09,중간,,다 왔는데 다 왔는데 지나쳤어요?
648,4492.99,4493.99,1.0,0.83,1.0,-0.01,높음,,아 지나쳤구나
649,4496.34,4503.94,7.6,0.722,0.995,0.03,높음,,아 이게 그냥 앞으로 뛰라고 하니까 아무 생각없이 그냥 앞으로 뛰고만 있
650,4504.24,4507.94,3.7,0.754,0.881,0.05,높음,,야 졸려님 없었으면 저 게임 어떻게 합니까 이거
651,4508.64,4513.94,5.3,0.645,0.881,0.06,중간,,진작에 껐을것 같은데 무서워 아 나 그만할래
652,4514.14,4517.94,3.8,0.711,1.0,0.05,높음,,그만할래 하면서 껐을것 같은데
653,4520.81,4521.94,1.12,0.64,1.009,0.07,중간,,왼쪽에 출구가 나온다
654,4526.86,4529.94,3.07,0.663,0.847,0.05,중간,,왼쪽에 출구가 나오지 왼쪽에?
655,4534.19,4535.94,1.75,0.206,1.0,0.16,중간,,여긴가?
656,4535.94,4539.94,4.0,0.705,1.0,0.51,중간,,여기다 여기다
657,4548.31,4549.94,1.62,0.48,1.006,0.02,중간,,긴장감
658,4550.24,4551.94,1.7,0.882,1.0,0.04,높음,,이 긴장감 무엇인가
659,4556.34,4557.94,1.6,0.525,0.7,0.06,중간,,잠깐만
660,4558.84,4559.94,1.1,0.927,0.955,0.08,높음,,온몸이 지금
661,4560.11,4565.94,5.82,0.763,0.945,0.52,중간,,계속 긴장해가지고 잠깐만요 닭살이 없어지질 않네
662,4569.81,4571.94,2.12,0.0,0.566,-5.73,중간,onset_off,무서워
663,4574.64,4575.94,1.3,0.0,0.192,1.62,낮음,onset_off;no_speech_detected,뭐야?
664,4576.16,4577.94,1.77,0.186,0.497,0.1,낮음,no_speech_detected,저쪽으로 가야되나보다
665,4581.94,4583.94,2.0,0.775,0.97,-0.34,높음,,광원을 되게 잘 살린것 같아요
666,4584.79,4585.94,1.15,0.183,1.0,0.41,중간,,그 어떤 게임의 요소로써
667,4591.09,4599.94,8.85,0.666,0.794,0.08,중간,,약간 제가 봤던 그 백음 영화에서 봤던 그런 공간의 느낌?
668,4599.99,4601.94,1.95,0.738,1.0,-0.24,높음,,공간의 기계한 느낌?
669,4601.94,4603.94,2.0,0.715,1.0,-0.36,높음,,이런거는 사실 잘 안느껴지거든요
670,4604.74,4607.94,3.2,0.103,0.647,0.68,중간,,평범한 방 평범한
671,4608.69,4609.94,1.25,0.192,0.816,0.06,중간,,그런 느낌인데
672,4610.64,4611.94,1.3,0.0,0.923,-1.89,중간,onset_off,또 불좀 켜주시면 안되요
673,4614.64,4617.94,3.3,0.664,1.0,0.08,중간,,여기도 뭘 하고와가지고 뭘 해야되나보다
674,4618.04,4627.94,9.9,0.03,0.243,-1.31,낮음,onset_off;no_speech_detected,눈부셔 끄면 안보이고 그래요?
675,4628.44,4629.94,1.5,0.76,1.0,0.11,높음,,그럼 여기서 마무리를 할까요?
676,4632.84,4633.94,1.1,0.273,0.518,0.06,중간,,무서워
677,4634.14,4635.94,1.8,0.367,0.989,1.04,중간,onset_off,이스트 서브 스테이션
678,4638.89,4645.94,7.05,0.098,0.455,2.86,낮음,onset_off;no_speech_detected,이런 소리 너무 싫어 뭐잖아?
679,4646.91,4649.94,3.02,0.258,0.725,0.06,중간,,선을 연결시키는 약간 그런건가?
680,4657.09,4658.09,1.0,0.42,0.71,0.02,중간,,마우스가 안 움직여
681,4665.94,4667.94,2.0,0.0,0.15,2.03,낮음,onset_off;no_speech_detected,좀 더 해보고 싶은데
682,4669.94,4675.94,6.0,0.335,0.52,-1.97,중간,onset_off,좀 깜짝깜짝 깜짝 깜짝 놀래키긴 하는데 그래도
683,4678.49,4679.94,1.45,0.579,0.772,0.16,중간,,사실은 졸라 지금 끄고 싶습니다
684,4681.02,4682.02,1.0,0.24,0.63,0.34,중간,,되게 무섭거든요
685,4683.77,4687.94,4.17,0.596,0.871,0.11,중간,,온몸이 긴장되고 지금 자꾸 놀래가지고
686,4689.94,4693.94,4.0,0.29,0.685,-0.37,중간,,좀 편안한 게임을 좀 하고 싶은데 이 게임을 끄고
687,4694.19,4695.94,1.75,0.0,0.206,-0.81,낮음,no_speech_detected,아 이게 열리는 소리였구나
688,4702.14,4703.94,1.8,0.817,0.883,0.09,높음,,아
689,4704.54,4705.94,1.4,0.936,0.957,0.09,높음,,그럼 여태까지 막
690,4706.06,4707.94,1.88,0.691,0.835,-1.43,중간,onset_off,소리 나고 했던게
691,4708.94,4713.94,5.0,0.822,0.972,0.07,높음,,내가 뭔가를 했을때 어떤 장소가 열렸다 지금 이 소리를 알려주는거에요?
692,4716.49,4719.94,3.45,0.226,0.765,0.08,중간,,난 몰랐어 저거 놀래키는 요소인줄 알았어요
693,4720.64,4721.94,1.3,0.692,1.0,0.4,중간,,너무 귀에다 대고
694,4722.14,4725.94,3.8,0.297,0.676,-1.1,중간,onset_off,소리를 내주니까 무섭다고 생각만 했지
695,4727.84,4735.94,8.1,0.444,0.78,0.07,중간,8s_padding,그게 뭐가 열렸다 이런 표시인지는 모르겠네 근데 지금 보니까 그런 표시인
696,4757.94,4761.94,4.0,0.878,0.983,-0.27,높음,,거기서부터는 졸려님도 간단한 설명으로는 진행이 안되는거죠
697,4764.44,4767.94,3.5,0.626,0.951,0.13,중간,,막 이것저것 막 돌아다니면서 노가도 하고 막 해야 되는 느낌인데요
698,4768.09,4769.94,1.85,0.032,0.178,-1.24,낮음,onset_off;no_speech_detected,그죠?
699,4769.94,4775.94,6.0,0.63,0.83,-0.06,중간,,지금 똑같아보이는 배선판이나 이런게 엄청 많아가지고
700,4776.34,4777.94,1.6,0.894,0.969,0.17,높음,,뭐 여기가서 이거 해보고 저기가서
701,4778.19,4779.94,1.75,0.0,0.634,-1.68,중간,onset_off,이거 해보고 약간 요런 느낌인데
702,4781.77,4783.94,2.17,0.257,0.382,0.15,낮음,no_speech_detected,그죠?
703,4783.94,4785.94,2.0,0.11,0.185,-0.35,낮음,no_speech_detected,그러면
704,4786.69,4787.94,1.25,0.456,0.984,0.5,중간,,네 그러면
705,4788.34,4789.94,1.6,0.281,0.406,0.02,낮음,no_speech_detected,지금
706,4790.34,4793.94,3.6,0.983,0.992,0.06,높음,,절대 제가 무서워서 정리하는거 아닙니다
707,4798.74,4811.94,13.2,0.607,0.825,0.09,중간,overlong,이번에 백룸 영화 백룸 시청기념 ESCAPE THE BACKROOM 게임
708,4813.94,4821.94,8.0,0.741,0.854,-0.38,높음,8s_padding,뭐 이 다음 구간에는 뭐 같이 하실 수 있는 분이 있으면 나중에 좀 같이
709,4822.22,4823.94,1.72,0.235,0.494,-0.61,낮음,no_speech_detected,될 것 같고요
710,4827.94,4833.94,6.0,0.783,0.87,-0.34,높음,,여기서부터는 제가 뭐 한 뭐 20~30분 1시간 뭐 삽질을 한다고 얘가
711,4834.39,4835.94,1.55,0.961,1.0,-0.01,높음,,진행이 엄청 빠르게 될 것 같진 않고
712,4836.04,4845.94,9.9,0.524,0.844,0.5,중간,,그래도 나중에 같이 모르는 분들이랑이라도 뭔가 이렇게 다른 분들이랑 같이
713,4846.24,4847.94,1.7,0.918,0.971,0.08,높음,,더 재밌게 즐길 수 있을 것 같아서
714,4848.54,4849.94,1.4,0.664,0.771,0.09,중간,,그냥 고런 게임으로
715,4850.69,4851.94,1.25,0.672,0.912,0.1,중간,,어? 아닙니다 아닙니다
716,4854.24,4861.94,7.7,0.883,0.996,0.06,높음,,일단은 이 게임을 좀 마무리를 하고 저의 긴장된 몸에 약간 느슨한
717,4862.94,4863.94,1.0,0.72,0.96,0.09,높음,,약간 고런걸
718,4864.36,4865.94,1.57,0.933,0.975,0.05,높음,,해주고 싶어요 지금 너무 긴장되있어요
719,4867.24,4867.94,0.7,0.0,0.343,0.95,낮음,no_speech_detected,몸이
720,4868.14,4873.94,5.8,0.584,0.857,0.05,중간,,이 게임은 이정도로 일단 마무리를 하는걸로 할게요
721,4876.39,4877.94,1.55,0.368,0.523,0.08,중간,,아이 그쵸
722,4878.09,4883.94,5.85,0.928,0.99,0.09,높음,,아 근데 졸려님이 같이 해주신다 그래도 이게 약간 4인까지 되잖아요
723,4884.34,4891.94,7.6,0.812,0.867,-0.01,높음,,그래서 4인이 같이 이렇게 뭔가 게임을 하면서 재밌게 즐길 수 있는 약간
724,4894.54,4897.94,3.4,0.844,0.985,0.08,높음,,너무 일방적으로 한 명이 다
725,4898.09,4901.94,3.85,0.782,0.805,-2.15,중간,onset_off,캐리하면서 끌고 가버리면 나머지 사람들이 엥?
726,4901.94,4907.94,6.0,0.72,0.905,0.51,중간,,이 게임을 즐기기도 전에 막 끝나버릴 수도 있거든요 약간 즐기는 느낌이면
727,4908.72,4913.94,5.22,0.626,0.77,0.07,중간,,일단은 일단은 오늘 이 땡룸 방송은
728,4914.09,4915.94,1.85,0.438,0.714,0.09,중간,,여기까지 하겠습니다
729,4920.34,4921.94,1.6,0.462,0.987,0.05,중간,,하 잠깐만
730,4922.49,4923.94,1.45,0.959,1.0,0.06,높음,,잠깐만요 너무 긴장을 했어
731,4924.09,4925.94,1.85,0.0,0.0,-1.54,낮음,onset_off;no_speech_detected,진짜
